{
  "project_info": {
    "project_number": "751580498740",
    "project_id": "judicia",
    "storage_bucket": "judicia.firebasestorage.app"
  },
  "client": [
    {
      "client_info": {
        "mobilesdk_app_id": "1:751580498740:android:1bdcca7a7996e8ed7a3361",
        "android_client_info": {
          "package_name": "com.ani.judica"
        }
      },
      "oauth_client": [],
      "api_key": [
        {
          "current_key": "AIzaSyAfP49A3XyZgHnfIIkly6s9BGsBsEbNfg0"
        }
      ],
      "services": {
        "appinvite_service": {
          "other_platform_oauth_client": []
        }
      }
    }
  ],
  "configuration_version": "1"
}