{"v":"5.6.6","fr":24,"ip":0,"op":120,"w":3500,"h":3500,"nm":"Wavy_Gen-01_Single-12","ddd":0,"assets":[],"layers":[{"ddd":0,"ind":1,"ty":4,"nm":"head","parent":2,"sr":1,"ks":{"o":{"a":0,"k":100,"ix":11},"r":{"a":1,"k":[{"i":{"x":[0.833],"y":[1]},"o":{"x":[0.167],"y":[0]},"t":25,"s":[0]},{"i":{"x":[0.396],"y":[1]},"o":{"x":[0.167],"y":[0]},"t":32,"s":[0]},{"i":{"x":[0.833],"y":[1]},"o":{"x":[0.167],"y":[0]},"t":48,"s":[-16]},{"i":{"x":[0.833],"y":[1]},"o":{"x":[0.167],"y":[0]},"t":58,"s":[-16]},{"i":{"x":[0.833],"y":[1]},"o":{"x":[0.167],"y":[0]},"t":66.748,"s":[-6]},{"i":{"x":[0.833],"y":[1]},"o":{"x":[0.167],"y":[0]},"t":75.252,"s":[-16]},{"i":{"x":[0.833],"y":[1]},"o":{"x":[0.167],"y":[0]},"t":84,"s":[-6]},{"i":{"x":[0.667],"y":[1]},"o":{"x":[0.167],"y":[0]},"t":98,"s":[-16]},{"t":120,"s":[0]}],"ix":10},"p":{"a":0,"k":[-7.751,-30.039,0],"ix":2},"a":{"a":0,"k":[2648.22,1374.506,0],"ix":1},"s":{"a":0,"k":[100,100,100],"ix":6}},"ao":0,"shapes":[{"ty":"gr","it":[{"ind":0,"ty":"sh","ix":1,"ks":{"a":0,"k":{"i":[[0.241,4.519],[0,0],[9.341,7.642],[0.255,-0.414],[0.016,0],[0.074,3.579],[-0.001,-9.678],[-7.358,-7.707],[-10.806,0.391],[-16.132,7.488],[1.133,3.114],[-4.19,20.159]],"o":[[0,0],[0,0],[-7.632,-6.244],[-0.049,0.079],[-0.105,0],[-1.78,4.91],[0.001,9.401],[0.426,0.445],[0,0],[0,0],[-3.078,-8.467],[1.616,-7.776]],"v":[[13.588,-37.372],[6.511,-20.39],[-9.907,-7.649],[-19.191,-12.922],[-19.249,-12.746],[-19.532,-20.39],[-23.495,1.974],[-16.136,29.149],[3.113,37.359],[23.495,29.717],[0.283,18.111],[12.173,-18.407]],"c":true},"ix":2},"nm":"Path 1","mn":"ADBE Vector Shape - Group","hd":false},{"ty":"fl","c":{"a":0,"k":[0.403921568627451,0.12941176470588237,0.00392156862745098,1],"ix":4},"o":{"a":0,"k":100,"ix":5},"r":1,"bm":0,"nm":"Fill 1","mn":"ADBE Vector Graphic - Fill","hd":false},{"ty":"tr","p":{"a":0,"k":[2584.117,1343.362],"ix":2},"a":{"a":0,"k":[0,0],"ix":1},"s":{"a":0,"k":[100,100],"ix":3},"r":{"a":0,"k":0,"ix":6},"o":{"a":0,"k":100,"ix":7},"sk":{"a":0,"k":0,"ix":4},"sa":{"a":0,"k":0,"ix":5},"nm":"Transform"}],"nm":"Group 1","np":2,"cix":2,"bm":0,"ix":1,"mn":"ADBE Vector Group","hd":false},{"ty":"gr","it":[{"ind":0,"ty":"sh","ix":1,"ks":{"a":0,"k":{"i":[[-3.982,10.313],[-2.261,-8.289],[8.242,-0.441]],"o":[[2.96,-7.662],[2.262,8.29],[-8.242,0.441]],"v":[[-6.28,-9.925],[8.755,-5.455],[-2.968,14.053]],"c":true},"ix":2},"nm":"Path 1","mn":"ADBE Vector Shape - Group","hd":false},{"ty":"gf","o":{"a":0,"k":100,"ix":10},"r":1,"bm":0,"g":{"p":3,"k":{"a":0,"k":[0,1,0.769,0.267,0.498,0.976,0.602,0.302,0.996,0.953,0.435,0.337],"ix":9}},"s":{"a":0,"k":[-85.9,7.186],"ix":5},"e":{"a":0,"k":[98.397,-8.814],"ix":6},"t":1,"nm":"Gradient Fill 1","mn":"ADBE Vector Graphic - G-Fill","hd":false},{"ty":"tr","p":{"a":0,"k":[2603.9,1330.814],"ix":2},"a":{"a":0,"k":[0,0],"ix":1},"s":{"a":0,"k":[100,100],"ix":3},"r":{"a":0,"k":0,"ix":6},"o":{"a":0,"k":100,"ix":7},"sk":{"a":0,"k":0,"ix":4},"sa":{"a":0,"k":0,"ix":5},"nm":"Transform"}],"nm":"Group 2","np":2,"cix":2,"bm":0,"ix":2,"mn":"ADBE Vector Group","hd":false},{"ty":"gr","it":[{"ind":0,"ty":"sh","ix":1,"ks":{"a":0,"k":{"i":[[-9.509,-35.202],[-5.446,-2.051],[-4.184,-3.694],[-0.567,-0.84],[-5.117,-4.394],[-2.44,-2.956],[-2.663,-3.356],[-5.356,-3.274],[-3.993,-6.095],[-1.969,-1.94],[-2.396,5.433],[0.096,4.459],[-1.504,5.207],[-7.594,9.272],[-0.457,3.988],[-0.04,0.76],[9.696,11.003],[25.144,15.851],[13.206,0.408]],"o":[[5.143,19.039],[0.703,0.266],[0.57,0.502],[7.375,10.895],[3.713,3.187],[2.299,2.782],[2.01,2.533],[2.669,1.631],[2.258,3.448],[9.568,9.432],[0.666,-1.515],[0,0],[2.149,-7.439],[14.062,-17.171],[0.162,-1.42],[0.781,-15.251],[-16.244,-18.434],[-29.012,-18.288],[-14.557,-0.451]],"v":[[-69.013,-21.272],[-44.021,17.774],[-35.109,23.474],[-33.423,25.436],[-36.256,59.946],[-18.516,57.416],[-22.588,72.992],[-9.284,74.409],[-2.773,84.032],[4.305,93.091],[36.009,96.205],[35.442,89.412],[36.858,80.071],[54.691,56.293],[71.093,23.19],[71.351,19.957],[56.956,-26.934],[-5.604,-44.767],[-43.253,-100.251]],"c":true},"ix":2},"nm":"Path 1","mn":"ADBE Vector Shape - Group","hd":false},{"ty":"fl","c":{"a":0,"k":[0.403921568627451,0.12941176470588237,0.00392156862745098,1],"ix":4},"o":{"a":0,"k":100,"ix":5},"r":1,"bm":0,"nm":"Fill 1","mn":"ADBE Vector Graphic - Fill","hd":false},{"ty":"tr","p":{"a":0,"k":[2628.22,1267.248],"ix":2},"a":{"a":0,"k":[0,0],"ix":1},"s":{"a":0,"k":[100,100],"ix":3},"r":{"a":0,"k":0,"ix":6},"o":{"a":0,"k":100,"ix":7},"sk":{"a":0,"k":0,"ix":4},"sa":{"a":0,"k":0,"ix":5},"nm":"Transform"}],"nm":"Group 3","np":2,"cix":2,"bm":0,"ix":3,"mn":"ADBE Vector Group","hd":false},{"ty":"gr","it":[{"ind":0,"ty":"sh","ix":1,"ks":{"a":0,"k":{"i":[[10.124,17.122],[-1.381,5.737],[-4.458,5.082],[0,0],[-0.416,0.286],[-3.533,0.177],[-13.152,-62.371],[-1.029,-2.282],[1.413,9.999]],"o":[[-13.745,-23.24],[5.781,-24.018],[0,0],[0,0],[4.383,-3.014],[11.287,-0.567],[1.068,2.227],[13.185,29.242],[-4.911,-1.09]],"v":[[-40.657,37.035],[-46.897,-18.49],[-34.508,-51.233],[-28.205,-57.898],[-27.398,-58.476],[-3.116,-66.567],[44.291,35.711],[47.465,42.461],[2.443,60.003]],"c":true},"ix":2},"nm":"Path 1","mn":"ADBE Vector Shape - Group","hd":false},{"ty":"gf","o":{"a":0,"k":100,"ix":10},"r":1,"bm":0,"g":{"p":3,"k":{"a":0,"k":[0,1,0.769,0.267,0.498,0.976,0.602,0.302,0.996,0.953,0.435,0.337],"ix":9}},"s":{"a":0,"k":[-62.202,-68.446],"ix":5},"e":{"a":0,"k":[106.862,144.258],"ix":6},"t":1,"nm":"Gradient Fill 1","mn":"ADBE Vector Graphic - G-Fill","hd":false},{"ty":"tr","p":{"a":0,"k":[2614.202,1315.446],"ix":2},"a":{"a":0,"k":[0,0],"ix":1},"s":{"a":0,"k":[100,100],"ix":3},"r":{"a":0,"k":0,"ix":6},"o":{"a":0,"k":100,"ix":7},"sk":{"a":0,"k":0,"ix":4},"sa":{"a":0,"k":0,"ix":5},"nm":"Transform"}],"nm":"Group 4","np":2,"cix":2,"bm":0,"ix":4,"mn":"ADBE Vector Group","hd":false}],"ip":0,"op":144,"st":0,"bm":0},{"ddd":0,"ind":2,"ty":4,"nm":"neck","parent":7,"sr":1,"ks":{"o":{"a":0,"k":100,"ix":11},"r":{"a":0,"k":0,"ix":10},"p":{"a":0,"k":[2655.971,1404.545,0],"ix":2},"a":{"a":0,"k":[0,0,0],"ix":1},"s":{"a":0,"k":[100,100,100],"ix":6}},"ao":0,"shapes":[{"ty":"gr","it":[{"ind":0,"ty":"sh","ix":1,"ks":{"a":0,"k":{"i":[[-1.048,-2.273],[-4.804,-13.568],[-0.34,-5.168],[32.684,-4.786],[-0.335,13.292],[-60.427,7.913],[1.413,9.999]],"o":[[6.523,14.15],[76.275,6.45],[0.715,10.879],[-71.281,10.436],[0.146,-5.787],[-1.413,-9.999],[-4.911,-1.09]],"v":[[5.696,-46.639],[22.619,-5.005],[109.82,15.562],[34.391,43.798],[-109.828,22.143],[-35.087,0.901],[-39.326,-29.096]],"c":true},"ix":2},"nm":"Path 1","mn":"ADBE Vector Shape - Group","hd":false},{"ty":"gf","o":{"a":0,"k":100,"ix":10},"r":1,"bm":0,"g":{"p":3,"k":{"a":0,"k":[0,1,0.769,0.267,0.498,0.976,0.602,0.302,0.996,0.953,0.435,0.337],"ix":9}},"s":{"a":0,"k":[127.029,148.455],"ix":5},"e":{"a":0,"k":[-144.971,-128.878],"ix":6},"t":1,"nm":"Gradient Fill 1","mn":"ADBE Vector Graphic - G-Fill","hd":false},{"ty":"tr","p":{"a":0,"k":[0,0],"ix":2},"a":{"a":0,"k":[0,0],"ix":1},"s":{"a":0,"k":[100,100],"ix":3},"r":{"a":0,"k":0,"ix":6},"o":{"a":0,"k":100,"ix":7},"sk":{"a":0,"k":0,"ix":4},"sa":{"a":0,"k":0,"ix":5},"nm":"Transform"}],"nm":"neck","np":2,"cix":2,"bm":0,"ix":1,"mn":"ADBE Vector Group","hd":false}],"ip":0,"op":144,"st":0,"bm":0},{"ddd":0,"ind":3,"ty":4,"nm":"arm L","parent":7,"sr":1,"ks":{"o":{"a":0,"k":100,"ix":11},"r":{"a":1,"k":[{"i":{"x":[0.396],"y":[1]},"o":{"x":[0.333],"y":[0]},"t":26,"s":[0]},{"i":{"x":[0.396],"y":[1]},"o":{"x":[0.167],"y":[0]},"t":48,"s":[-13]},{"i":{"x":[0.667],"y":[1]},"o":{"x":[0.167],"y":[0]},"t":98,"s":[-13]},{"t":120,"s":[0]}],"ix":10},"p":{"a":0,"k":[2559.438,1437.306,0],"ix":2},"a":{"a":0,"k":[238,-202,0],"ix":1},"s":{"a":0,"k":[100,100,100],"ix":6}},"ao":0,"shapes":[{"ty":"gr","it":[{"ind":0,"ty":"sh","ix":1,"ks":{"a":0,"k":{"i":[[46.857,30.48],[38.422,-27.289],[55.211,20.43],[12.216,0],[0,-57.609],[-45.799,-11.015],[-0.214,-0.052],[-5.845,-0.708],[-60.8,20.951],[-69.519,81.363],[-2.671,4.097]],"o":[[-48.536,-31.578],[-140.361,99.682],[-0.118,-0.044],[-57.609,0],[0,49.18],[0.079,0.441],[11.771,2.851],[39.236,4.758],[102.986,-35.485],[3.312,-3.876],[51.7,-79.277]],"v":[[259.571,-219.761],[45.698,-125.108],[-142.153,18.497],[-177.549,13.123],[-281.861,117.434],[-202.027,218.851],[-201.59,219.6],[-174.486,224.354],[-38.885,202.345],[212.245,52.209],[220.905,40.432]],"c":true},"ix":2},"nm":"Path 1","mn":"ADBE Vector Shape - Group","hd":false},{"ty":"gf","o":{"a":0,"k":100,"ix":10},"r":1,"bm":0,"g":{"p":3,"k":{"a":0,"k":[0,0,0.6,0.36470588235294116,0.498,0,0.6,0.36470588235294116,0.996,0.2549019607843137,0.4588235294117647,0.0196078431372549],"ix":9}},"s":{"a":0,"k":[-19.438,-32.306],"ix":5},"e":{"a":0,"k":[455.562,344.678],"ix":6},"t":1,"nm":"Gradient Fill 1","mn":"ADBE Vector Graphic - G-Fill","hd":false},{"ty":"tr","p":{"a":0,"k":[0,0],"ix":2},"a":{"a":0,"k":[0,0],"ix":1},"s":{"a":0,"k":[100,100],"ix":3},"r":{"a":0,"k":0,"ix":6},"o":{"a":0,"k":100,"ix":7},"sk":{"a":0,"k":0,"ix":4},"sa":{"a":0,"k":0,"ix":5},"nm":"Transform"}],"nm":"arm L","np":2,"cix":2,"bm":0,"ix":1,"mn":"ADBE Vector Group","hd":false}],"ip":0,"op":144,"st":0,"bm":0},{"ddd":0,"ind":4,"ty":4,"nm":"forearm L","parent":3,"sr":1,"ks":{"o":{"a":0,"k":100,"ix":11},"r":{"a":1,"k":[{"i":{"x":[0.396],"y":[1]},"o":{"x":[0.333],"y":[0]},"t":26,"s":[0]},{"i":{"x":[0.396],"y":[1]},"o":{"x":[0.167],"y":[0]},"t":48,"s":[58]},{"i":{"x":[0.667],"y":[1]},"o":{"x":[0.167],"y":[0]},"t":98,"s":[58]},{"t":120,"s":[0]}],"ix":10},"p":{"a":0,"k":[-169.804,120.855,0],"ix":2},"a":{"a":0,"k":[60,64,0],"ix":1},"s":{"a":0,"k":[100,100,100],"ix":6}},"ao":0,"shapes":[{"ty":"gr","it":[{"ind":0,"ty":"sh","ix":1,"ks":{"a":0,"k":{"i":[[37.251,15.918],[3.918,1.908],[78.194,25.26],[7.655,0.828],[0.113,-0.034],[7.663,-7.86],[3.464,-22.172],[-3.546,-15.767],[-119.406,-43.979],[-0.589,0.277],[-8.353,0],[0,57.61]],"o":[[-1.639,-1.209],[-45.755,-22.277],[-13.825,-4.465],[-0.104,0.057],[-9.134,2.958],[-7.522,15.611],[0.74,7.876],[2.936,13.05],[7.325,2.698],[7.785,1.854],[57.609,0],[0,-43.071]],"v":[[93.209,-35.381],[76.708,-43.099],[-53.451,-157.793],[-86.823,-164.892],[-112.756,-151.122],[-138.687,-137.35],[-156.566,-80.549],[-150.733,-43.85],[5.96,155.984],[27.996,162.049],[52.255,164.892],[156.566,60.579]],"c":true},"ix":2},"nm":"Path 1","mn":"ADBE Vector Shape - Group","hd":false},{"ty":"gf","o":{"a":0,"k":100,"ix":10},"r":1,"bm":0,"g":{"p":3,"k":{"a":0,"k":[0,0,0.6,0.36470588235294116,0.498,0,0.6,0.36470588235294116,0.996,0,0,0],"ix":9}},"s":{"a":0,"k":[185.366,158.839],"ix":5},"e":{"a":0,"k":[-394.189,-283.828],"ix":6},"t":1,"nm":"Gradient Fill 1","mn":"ADBE Vector Graphic - G-Fill","hd":false},{"ty":"tr","p":{"a":0,"k":[0,0],"ix":2},"a":{"a":0,"k":[0,0],"ix":1},"s":{"a":0,"k":[100,100],"ix":3},"r":{"a":0,"k":0,"ix":6},"o":{"a":0,"k":100,"ix":7},"sk":{"a":0,"k":0,"ix":4},"sa":{"a":0,"k":0,"ix":5},"nm":"Transform"}],"nm":"forearm L","np":2,"cix":2,"bm":0,"ix":1,"mn":"ADBE Vector Group","hd":false}],"ip":0,"op":144,"st":0,"bm":0},{"ddd":0,"ind":5,"ty":4,"nm":"hand","parent":4,"sr":1,"ks":{"o":{"a":0,"k":100,"ix":11},"r":{"a":1,"k":[{"i":{"x":[0.396],"y":[1]},"o":{"x":[0.333],"y":[0]},"t":26,"s":[0]},{"i":{"x":[0.396],"y":[1]},"o":{"x":[0.167],"y":[0]},"t":48,"s":[-41]},{"i":{"x":[0.667],"y":[1]},"o":{"x":[0.167],"y":[0]},"t":98,"s":[-41]},{"t":120,"s":[0]}],"ix":10},"p":{"a":0,"k":[-104.906,-145.721,0],"ix":2},"a":{"a":0,"k":[22,34,0],"ix":1},"s":{"a":0,"k":[100,100,100],"ix":6}},"ao":0,"shapes":[{"ty":"gr","it":[{"ind":0,"ty":"sh","ix":1,"ks":{"a":0,"k":{"i":[[0,0],[0,0],[4.686,8.788],[-0.1,0.016],[-8.932,3.564],[-1.557,-0.252],[0,0],[-16.721,-11.005],[0,0]],"o":[[0,0],[-4.041,-3.23],[-7.713,-14.467],[0.061,-0.009],[1.17,-0.467],[0,0],[0,0],[16.577,14.438],[0,0]],"v":[[17.166,42.733],[-8.854,30.271],[-23.763,12.518],[-31.254,-17.623],[-23.507,-42.248],[-19.428,-42.612],[-10.173,-18.24],[8.03,3.369],[31.282,31.002]],"c":true},"ix":2},"nm":"Path 1","mn":"ADBE Vector Shape - Group","hd":false},{"ty":"gf","o":{"a":0,"k":100,"ix":10},"r":1,"bm":0,"g":{"p":3,"k":{"a":0,"k":[0,0.5725490196078431,0.7058823529411765,0.43529411764705883,0.498,0.3764705882352941,0.7333333333333333,0.3137254901960784,0.996,0.09019607843137255,0.7725490196078432,0.1568627450980392],"ix":9}},"s":{"a":0,"k":[1136.702,1076.174],"ix":5},"e":{"a":0,"k":[1094.15,1142.714],"ix":6},"t":1,"nm":"Gradient Fill 1","mn":"ADBE Vector Graphic - G-Fill","hd":false},{"ty":"tr","p":{"a":0,"k":[0,0],"ix":2},"a":{"a":0,"k":[0,0],"ix":1},"s":{"a":0,"k":[100,100],"ix":3},"r":{"a":0,"k":0,"ix":6},"o":{"a":0,"k":100,"ix":7},"sk":{"a":0,"k":0,"ix":4},"sa":{"a":0,"k":0,"ix":5},"nm":"Transform"}],"nm":"hand","np":2,"cix":2,"bm":0,"ix":1,"mn":"ADBE Vector Group","hd":false}],"ip":0,"op":144,"st":0,"bm":0},{"ddd":0,"ind":6,"ty":4,"nm":"tablet 2","parent":5,"sr":1,"ks":{"o":{"a":0,"k":100,"ix":11},"r":{"a":0,"k":0,"ix":10},"p":{"a":0,"k":[-7.906,1.948,0],"ix":2},"a":{"a":0,"k":[1956.822,1518.387,0],"ix":1},"s":{"a":0,"k":[100,100,100],"ix":6}},"ao":0,"shapes":[{"ty":"gr","it":[{"ty":"gr","it":[{"ty":"gr","it":[{"ind":0,"ty":"sh","ix":1,"ks":{"a":0,"k":{"i":[[0.186,-0.057],[0,0],[0.074,0.237],[0,0],[-0.194,0.059],[0,0],[-0.072,-0.232],[0,0]],"o":[[0,0],[-0.193,0.059],[0,0],[-0.074,-0.237],[0,0],[0.186,-0.056],[0,0],[0.072,0.232]],"v":[[30.898,-6.449],[-29.15,11.911],[-29.634,11.589],[-31.103,6.869],[-30.886,6.332],[29.197,-11.912],[29.665,-11.594],[31.103,-6.972]],"c":true},"ix":2},"nm":"Path 1","mn":"ADBE Vector Shape - Group","hd":false},{"ty":"fl","c":{"a":0,"k":[0.847058832645,0.870588243008,0.909803926945,1],"ix":4},"o":{"a":0,"k":100,"ix":5},"r":1,"bm":0,"nm":"Fill 1","mn":"ADBE Vector Graphic - Fill","hd":false},{"ty":"tr","p":{"a":0,"k":[2090.487,1479.815],"ix":2},"a":{"a":0,"k":[0,0],"ix":1},"s":{"a":0,"k":[100,100],"ix":3},"r":{"a":0,"k":0,"ix":6},"o":{"a":0,"k":100,"ix":7},"sk":{"a":0,"k":0,"ix":4},"sa":{"a":0,"k":0,"ix":5},"nm":"Transform"}],"nm":"Group 1","np":2,"cix":2,"bm":0,"ix":1,"mn":"ADBE Vector Group","hd":false},{"ty":"gr","it":[{"ind":0,"ty":"sh","ix":1,"ks":{"a":0,"k":{"i":[[0.186,-0.056],[0,0],[0.074,0.237],[0,0],[-0.194,0.058],[0,0],[-0.072,-0.232],[0,0]],"o":[[0,0],[-0.194,0.058],[0,0],[-0.074,-0.237],[0,0],[0.186,-0.056],[0,0],[0.072,0.232]],"v":[[30.935,-6.33],[-29.186,11.793],[-29.671,11.469],[-31.14,6.749],[-30.923,6.214],[29.234,-11.794],[29.702,-11.474],[31.14,-6.853]],"c":true},"ix":2},"nm":"Path 1","mn":"ADBE Vector Shape - Group","hd":false},{"ty":"fl","c":{"a":0,"k":[0.847058832645,0.870588243008,0.909803926945,1],"ix":4},"o":{"a":0,"k":100,"ix":5},"r":1,"bm":0,"nm":"Fill 1","mn":"ADBE Vector Graphic - Fill","hd":false},{"ty":"tr","p":{"a":0,"k":[2086.965,1468.5],"ix":2},"a":{"a":0,"k":[0,0],"ix":1},"s":{"a":0,"k":[100,100],"ix":3},"r":{"a":0,"k":0,"ix":6},"o":{"a":0,"k":100,"ix":7},"sk":{"a":0,"k":0,"ix":4},"sa":{"a":0,"k":0,"ix":5},"nm":"Transform"}],"nm":"Group 2","np":2,"cix":2,"bm":0,"ix":2,"mn":"ADBE Vector Group","hd":false},{"ty":"gr","it":[{"ind":0,"ty":"sh","ix":1,"ks":{"a":0,"k":{"i":[[0.186,-0.055],[0,0],[0.074,0.237],[0,0],[-0.194,0.057],[0,0],[-0.072,-0.232],[0,0]],"o":[[0,0],[-0.194,0.058],[0,0],[-0.074,-0.237],[0,0],[0.186,-0.055],[0,0],[0.072,0.232]],"v":[[30.972,-6.212],[-29.223,11.675],[-29.708,11.35],[-31.177,6.629],[-30.96,6.096],[29.271,-11.676],[29.739,-11.355],[31.177,-6.733]],"c":true},"ix":2},"nm":"Path 1","mn":"ADBE Vector Shape - Group","hd":false},{"ty":"fl","c":{"a":0,"k":[0.847058832645,0.870588243008,0.909803926945,1],"ix":4},"o":{"a":0,"k":100,"ix":5},"r":1,"bm":0,"nm":"Fill 1","mn":"ADBE Vector Graphic - Fill","hd":false},{"ty":"tr","p":{"a":0,"k":[2083.443,1457.185],"ix":2},"a":{"a":0,"k":[0,0],"ix":1},"s":{"a":0,"k":[100,100],"ix":3},"r":{"a":0,"k":0,"ix":6},"o":{"a":0,"k":100,"ix":7},"sk":{"a":0,"k":0,"ix":4},"sa":{"a":0,"k":0,"ix":5},"nm":"Transform"}],"nm":"Group 3","np":2,"cix":2,"bm":0,"ix":3,"mn":"ADBE Vector Group","hd":false},{"ty":"gr","it":[{"ind":0,"ty":"sh","ix":1,"ks":{"a":0,"k":{"i":[[0.188,-0.055],[0,0],[0.074,0.237],[0,0],[-0.194,0.057],[0,0],[-0.073,-0.234],[0,0]],"o":[[0,0],[-0.194,0.057],[0,0],[-0.074,-0.238],[0,0],[0.188,-0.055],[0,0],[0.073,0.234]],"v":[[24.03,-4.037],[-22.284,9.527],[-22.77,9.2],[-24.239,4.48],[-24.021,3.948],[22.321,-9.528],[22.793,-9.204],[24.239,-4.56]],"c":true},"ix":2},"nm":"Path 1","mn":"ADBE Vector Shape - Group","hd":false},{"ty":"fl","c":{"a":0,"k":[0.847058832645,0.870588243008,0.909803926945,1],"ix":4},"o":{"a":0,"k":100,"ix":5},"r":1,"bm":0,"nm":"Fill 1","mn":"ADBE Vector Graphic - Fill","hd":false},{"ty":"tr","p":{"a":0,"k":[2072.946,1447.9],"ix":2},"a":{"a":0,"k":[0,0],"ix":1},"s":{"a":0,"k":[100,100],"ix":3},"r":{"a":0,"k":0,"ix":6},"o":{"a":0,"k":100,"ix":7},"sk":{"a":0,"k":0,"ix":4},"sa":{"a":0,"k":0,"ix":5},"nm":"Transform"}],"nm":"Group 4","np":2,"cix":2,"bm":0,"ix":4,"mn":"ADBE Vector Group","hd":false},{"ty":"tr","p":{"a":0,"k":[2072.946,1447.9],"ix":2},"a":{"a":0,"k":[2072.946,1447.9],"ix":1},"s":{"a":0,"k":[100,100],"ix":3},"r":{"a":0,"k":0,"ix":6},"o":{"a":0,"k":100,"ix":7},"sk":{"a":0,"k":0,"ix":4},"sa":{"a":0,"k":0,"ix":5},"nm":"Transform"}],"nm":"Group 1","np":4,"cix":2,"bm":0,"ix":1,"mn":"ADBE Vector Group","hd":false},{"ty":"gr","it":[{"ty":"gr","it":[{"ind":0,"ty":"sh","ix":1,"ks":{"a":0,"k":{"i":[[0.196,-0.06],[0,0],[0.076,0.243],[0,0],[-0.203,0.062],[0,0],[-0.074,-0.239],[0,0]],"o":[[0,0],[-0.203,0.062],[0,0],[-0.076,-0.243],[0,0],[0.196,-0.059],[0,0],[0.074,0.239]],"v":[[27.057,-5.193],[-25.268,10.806],[-25.773,10.478],[-27.277,5.643],[-27.047,5.091],[25.31,-10.807],[25.799,-10.482],[27.277,-5.733]],"c":true},"ix":2},"nm":"Path 1","mn":"ADBE Vector Shape - Group","hd":false},{"ty":"fl","c":{"a":0,"k":[0.847058832645,0.870588243008,0.909803926945,1],"ix":4},"o":{"a":0,"k":100,"ix":5},"r":1,"bm":0,"nm":"Fill 1","mn":"ADBE Vector Graphic - Fill","hd":false},{"ty":"tr","p":{"a":0,"k":[2015.855,1502.552],"ix":2},"a":{"a":0,"k":[0,0],"ix":1},"s":{"a":0,"k":[100,100],"ix":3},"r":{"a":0,"k":0,"ix":6},"o":{"a":0,"k":100,"ix":7},"sk":{"a":0,"k":0,"ix":4},"sa":{"a":0,"k":0,"ix":5},"nm":"Transform"}],"nm":"Group 1","np":2,"cix":2,"bm":0,"ix":1,"mn":"ADBE Vector Group","hd":false},{"ty":"gr","it":[{"ind":0,"ty":"sh","ix":1,"ks":{"a":0,"k":{"i":[[0.196,-0.059],[0,0],[0.076,0.243],[0,0],[-0.203,0.061],[0,0],[-0.074,-0.239],[0,0]],"o":[[0,0],[-0.203,0.061],[0,0],[-0.076,-0.243],[0,0],[0.196,-0.059],[0,0],[0.074,0.239]],"v":[[27.09,-5.09],[-25.3,10.703],[-25.805,10.374],[-27.31,5.539],[-27.079,4.988],[25.342,-10.704],[25.832,-10.378],[27.31,-5.629]],"c":true},"ix":2},"nm":"Path 1","mn":"ADBE Vector Shape - Group","hd":false},{"ty":"fl","c":{"a":0,"k":[0.847058832645,0.870588243008,0.909803926945,1],"ix":4},"o":{"a":0,"k":100,"ix":5},"r":1,"bm":0,"nm":"Fill 1","mn":"ADBE Vector Graphic - Fill","hd":false},{"ty":"tr","p":{"a":0,"k":[2012.242,1490.943],"ix":2},"a":{"a":0,"k":[0,0],"ix":1},"s":{"a":0,"k":[100,100],"ix":3},"r":{"a":0,"k":0,"ix":6},"o":{"a":0,"k":100,"ix":7},"sk":{"a":0,"k":0,"ix":4},"sa":{"a":0,"k":0,"ix":5},"nm":"Transform"}],"nm":"Group 2","np":2,"cix":2,"bm":0,"ix":2,"mn":"ADBE Vector Group","hd":false},{"ty":"gr","it":[{"ind":0,"ty":"sh","ix":1,"ks":{"a":0,"k":{"i":[[0.196,-0.058],[0,0],[0.076,0.243],[0,0],[-0.204,0.06],[0,0],[-0.074,-0.239],[0,0]],"o":[[0,0],[-0.204,0.06],[0,0],[-0.076,-0.243],[0,0],[0.196,-0.058],[0,0],[0.074,0.239]],"v":[[27.122,-4.987],[-25.332,10.6],[-25.838,10.269],[-27.342,5.434],[-27.111,4.885],[25.374,-10.601],[25.864,-10.274],[27.342,-5.525]],"c":true},"ix":2},"nm":"Path 1","mn":"ADBE Vector Shape - Group","hd":false},{"ty":"fl","c":{"a":0,"k":[0.847058832645,0.870588243008,0.909803926945,1],"ix":4},"o":{"a":0,"k":100,"ix":5},"r":1,"bm":0,"nm":"Fill 1","mn":"ADBE Vector Graphic - Fill","hd":false},{"ty":"tr","p":{"a":0,"k":[2008.629,1479.335],"ix":2},"a":{"a":0,"k":[0,0],"ix":1},"s":{"a":0,"k":[100,100],"ix":3},"r":{"a":0,"k":0,"ix":6},"o":{"a":0,"k":100,"ix":7},"sk":{"a":0,"k":0,"ix":4},"sa":{"a":0,"k":0,"ix":5},"nm":"Transform"}],"nm":"Group 3","np":2,"cix":2,"bm":0,"ix":3,"mn":"ADBE Vector Group","hd":false},{"ty":"gr","it":[{"ind":0,"ty":"sh","ix":1,"ks":{"a":0,"k":{"i":[[0.199,-0.059],[0,0],[0.076,0.243],[0,0],[-0.204,0.059],[0,0],[-0.075,-0.241],[0,0]],"o":[[0,0],[-0.204,0.06],[0,0],[-0.076,-0.243],[0,0],[0.2,-0.058],[0,0],[0.075,0.241]],"v":[[16.242,-1.667],[-14.457,7.323],[-14.962,6.991],[-16.467,2.156],[-16.235,1.608],[14.481,-7.324],[14.978,-6.993],[16.467,-2.209]],"c":true},"ix":2},"nm":"Path 1","mn":"ADBE Vector Shape - Group","hd":false},{"ty":"fl","c":{"a":0,"k":[0.847058832645,0.870588243008,0.909803926945,1],"ix":4},"o":{"a":0,"k":100,"ix":5},"r":1,"bm":0,"nm":"Fill 1","mn":"ADBE Vector Graphic - Fill","hd":false},{"ty":"tr","p":{"a":0,"k":[1994.108,1470.9],"ix":2},"a":{"a":0,"k":[0,0],"ix":1},"s":{"a":0,"k":[100,100],"ix":3},"r":{"a":0,"k":0,"ix":6},"o":{"a":0,"k":100,"ix":7},"sk":{"a":0,"k":0,"ix":4},"sa":{"a":0,"k":0,"ix":5},"nm":"Transform"}],"nm":"Group 4","np":2,"cix":2,"bm":0,"ix":4,"mn":"ADBE Vector Group","hd":false},{"ty":"tr","p":{"a":0,"k":[1994.108,1470.9],"ix":2},"a":{"a":0,"k":[1994.108,1470.9],"ix":1},"s":{"a":0,"k":[100,100],"ix":3},"r":{"a":0,"k":0,"ix":6},"o":{"a":0,"k":100,"ix":7},"sk":{"a":0,"k":0,"ix":4},"sa":{"a":0,"k":0,"ix":5},"nm":"Transform"}],"nm":"Group 2","np":4,"cix":2,"bm":0,"ix":2,"mn":"ADBE Vector Group","hd":false},{"ty":"gr","it":[{"ty":"gr","it":[{"ind":0,"ty":"sh","ix":1,"ks":{"a":0,"k":{"i":[[0.036,-0.011],[-0.651,-2.093],[0,0],[-1.789,0.518],[0,0],[-0.007,0.002],[0.65,2.089],[0,0],[1.743,-0.46],[0,0]],"o":[[-1.73,0.531],[0,0],[0.665,2.136],[0,0],[0.007,-0.002],[1.717,-0.511],[0,0],[-0.653,-2.097],[0,0],[-0.037,0.01]],"v":[[-35.292,-29.131],[-37.245,-24.432],[-17.482,39.063],[-13.037,41.992],[35.295,27.989],[35.314,27.983],[37.244,23.284],[17.843,-39.049],[13.507,-42.015],[-35.183,-29.162]],"c":true},"ix":2},"nm":"Path 1","mn":"ADBE Vector Shape - Group","hd":false},{"ind":1,"ty":"sh","ix":2,"ks":{"a":0,"k":{"i":[[-0.949,0.291],[0,0],[0,0],[-0.365,-1.174],[0,0],[0.924,-0.275],[0,0],[0.372,1.194],[0,0]],"o":[[0,0],[0,0],[0.96,-0.253],[0,0],[0.352,1.13],[0,0],[-1.002,0.29],[0,0],[-0.354,-1.138]],"v":[[-34.758,-27.417],[-34.697,-27.435],[13.996,-40.277],[16.4,-38.608],[35.797,23.716],[34.767,26.262],[-13.562,40.275],[-16.053,38.637],[-35.819,-24.869]],"c":true},"ix":2},"nm":"Path 2","mn":"ADBE Vector Shape - Group","hd":false},{"ty":"fl","c":{"a":0,"k":[0.847058832645,0.870588243008,0.909803926945,1],"ix":4},"o":{"a":0,"k":100,"ix":5},"r":1,"bm":0,"nm":"Fill 1","mn":"ADBE Vector Graphic - Fill","hd":false},{"ty":"tr","p":{"a":0,"k":[1984.912,1403.869],"ix":2},"a":{"a":0,"k":[0,0],"ix":1},"s":{"a":0,"k":[100,100],"ix":3},"r":{"a":0,"k":0,"ix":6},"o":{"a":0,"k":100,"ix":7},"sk":{"a":0,"k":0,"ix":4},"sa":{"a":0,"k":0,"ix":5},"nm":"Transform"}],"nm":"Group 1","np":3,"cix":2,"bm":0,"ix":1,"mn":"ADBE Vector Group","hd":false},{"ty":"gr","it":[{"ind":0,"ty":"sh","ix":1,"ks":{"a":0,"k":{"i":[[1.73,-0.501],[0,0],[0.665,2.136],[0,0],[-1.803,0.476],[0,0],[-0.653,-2.097],[0,0]],"o":[[0,0],[-1.789,0.518],[0,0],[-0.665,-2.136],[0,0],[1.743,-0.46],[0,0],[0.653,2.097]],"v":[[35.295,27.989],[-13.037,41.992],[-17.482,39.063],[-37.245,-24.432],[-35.183,-29.162],[13.507,-42.015],[17.843,-39.049],[37.244,23.284]],"c":true},"ix":2},"nm":"Path 1","mn":"ADBE Vector Shape - Group","hd":false},{"ty":"fl","c":{"a":0,"k":[0.847058832645,0.870588243008,0.909803926945,1],"ix":4},"o":{"a":0,"k":100,"ix":5},"r":1,"bm":0,"nm":"Fill 1","mn":"ADBE Vector Graphic - Fill","hd":false},{"ty":"tr","p":{"a":0,"k":[1984.912,1403.869],"ix":2},"a":{"a":0,"k":[0,0],"ix":1},"s":{"a":0,"k":[100,100],"ix":3},"r":{"a":0,"k":0,"ix":6},"o":{"a":0,"k":100,"ix":7},"sk":{"a":0,"k":0,"ix":4},"sa":{"a":0,"k":0,"ix":5},"nm":"Transform"}],"nm":"Group 2","np":2,"cix":2,"bm":0,"ix":2,"mn":"ADBE Vector Group","hd":false},{"ty":"tr","p":{"a":0,"k":[1984.912,1403.869],"ix":2},"a":{"a":0,"k":[1984.912,1403.869],"ix":1},"s":{"a":0,"k":[100,100],"ix":3},"r":{"a":0,"k":0,"ix":6},"o":{"a":0,"k":100,"ix":7},"sk":{"a":0,"k":0,"ix":4},"sa":{"a":0,"k":0,"ix":5},"nm":"Transform"}],"nm":"Group 3","np":2,"cix":2,"bm":0,"ix":3,"mn":"ADBE Vector Group","hd":false},{"ty":"gr","it":[{"ty":"gr","it":[{"ind":0,"ty":"sh","ix":1,"ks":{"a":0,"k":{"i":[[0,0],[0.451,-0.131],[0,0],[0.179,0.575],[0,0],[-0.471,0.135],[0,0],[-0.175,-0.563]],"o":[[0.175,0.563],[0,0],[-0.471,0.136],[0,0],[-0.179,-0.575],[0,0],[0.452,-0.13],[0,0]],"v":[[31.46,-7.248],[30.96,-5.992],[-29.203,11.428],[-30.379,10.633],[-31.46,7.162],[-30.931,5.875],[29.267,-11.43],[30.402,-10.646]],"c":true},"ix":2},"nm":"Path 1","mn":"ADBE Vector Shape - Group","hd":false},{"ty":"fl","c":{"a":0,"k":[0.847058832645,0.870588243008,0.909803926945,1],"ix":4},"o":{"a":0,"k":100,"ix":5},"r":1,"bm":0,"nm":"Fill 1","mn":"ADBE Vector Graphic - Fill","hd":false},{"ty":"tr","p":{"a":0,"k":[2070.384,1413.785],"ix":2},"a":{"a":0,"k":[0,0],"ix":1},"s":{"a":0,"k":[100,100],"ix":3},"r":{"a":0,"k":0,"ix":6},"o":{"a":0,"k":100,"ix":7},"sk":{"a":0,"k":0,"ix":4},"sa":{"a":0,"k":0,"ix":5},"nm":"Transform"}],"nm":"Group 1","np":2,"cix":2,"bm":0,"ix":1,"mn":"ADBE Vector Group","hd":false},{"ty":"gr","it":[{"ind":0,"ty":"sh","ix":1,"ks":{"a":0,"k":{"i":[[0,0],[0.452,-0.129],[0,0],[0.179,0.575],[0,0],[-0.472,0.133],[0,0],[-0.175,-0.563]],"o":[[0.175,0.563],[0,0],[-0.471,0.134],[0,0],[-0.179,-0.575],[0,0],[0.452,-0.128],[0,0]],"v":[[31.503,-7.108],[31.002,-5.856],[-29.245,11.292],[-30.423,10.494],[-31.503,7.022],[-30.973,5.739],[29.31,-11.294],[30.446,-10.506]],"c":true},"ix":2},"nm":"Path 1","mn":"ADBE Vector Shape - Group","hd":false},{"ty":"fl","c":{"a":0,"k":[0.847058832645,0.870588243008,0.909803926945,1],"ix":4},"o":{"a":0,"k":100,"ix":5},"r":1,"bm":0,"nm":"Fill 1","mn":"ADBE Vector Graphic - Fill","hd":false},{"ty":"tr","p":{"a":0,"k":[2066.321,1400.732],"ix":2},"a":{"a":0,"k":[0,0],"ix":1},"s":{"a":0,"k":[100,100],"ix":3},"r":{"a":0,"k":0,"ix":6},"o":{"a":0,"k":100,"ix":7},"sk":{"a":0,"k":0,"ix":4},"sa":{"a":0,"k":0,"ix":5},"nm":"Transform"}],"nm":"Group 2","np":2,"cix":2,"bm":0,"ix":2,"mn":"ADBE Vector Group","hd":false},{"ty":"gr","it":[{"ind":0,"ty":"sh","ix":1,"ks":{"a":0,"k":{"i":[[0,0],[0.453,-0.127],[0,0],[0.179,0.575],[0,0],[-0.472,0.131],[0,0],[-0.175,-0.563]],"o":[[0.175,0.563],[0,0],[-0.472,0.132],[0,0],[-0.179,-0.575],[0,0],[0.453,-0.126],[0,0]],"v":[[31.547,-6.968],[31.045,-5.719],[-29.287,11.156],[-30.466,10.354],[-31.547,6.882],[-31.015,5.603],[29.352,-11.158],[30.489,-10.366]],"c":true},"ix":2},"nm":"Path 1","mn":"ADBE Vector Shape - Group","hd":false},{"ty":"fl","c":{"a":0,"k":[0.847058832645,0.870588243008,0.909803926945,1],"ix":4},"o":{"a":0,"k":100,"ix":5},"r":1,"bm":0,"nm":"Fill 1","mn":"ADBE Vector Graphic - Fill","hd":false},{"ty":"tr","p":{"a":0,"k":[2062.259,1387.68],"ix":2},"a":{"a":0,"k":[0,0],"ix":1},"s":{"a":0,"k":[100,100],"ix":3},"r":{"a":0,"k":0,"ix":6},"o":{"a":0,"k":100,"ix":7},"sk":{"a":0,"k":0,"ix":4},"sa":{"a":0,"k":0,"ix":5},"nm":"Transform"}],"nm":"Group 3","np":2,"cix":2,"bm":0,"ix":3,"mn":"ADBE Vector Group","hd":false},{"ty":"gr","it":[{"ind":0,"ty":"sh","ix":1,"ks":{"a":0,"k":{"i":[[0,0],[0.453,-0.125],[0,0],[0.179,0.575],[0,0],[-0.473,0.129],[0,0],[-0.175,-0.563]],"o":[[0.175,0.563],[0,0],[-0.473,0.13],[0,0],[-0.179,-0.575],[0,0],[0.454,-0.124],[0,0]],"v":[[31.59,-6.828],[31.087,-5.583],[-29.329,11.02],[-30.51,10.214],[-31.59,6.742],[-31.058,5.467],[29.394,-11.022],[30.533,-10.227]],"c":true},"ix":2},"nm":"Path 1","mn":"ADBE Vector Shape - Group","hd":false},{"ty":"fl","c":{"a":0,"k":[0.847058832645,0.870588243008,0.909803926945,1],"ix":4},"o":{"a":0,"k":100,"ix":5},"r":1,"bm":0,"nm":"Fill 1","mn":"ADBE Vector Graphic - Fill","hd":false},{"ty":"tr","p":{"a":0,"k":[2058.196,1374.627],"ix":2},"a":{"a":0,"k":[0,0],"ix":1},"s":{"a":0,"k":[100,100],"ix":3},"r":{"a":0,"k":0,"ix":6},"o":{"a":0,"k":100,"ix":7},"sk":{"a":0,"k":0,"ix":4},"sa":{"a":0,"k":0,"ix":5},"nm":"Transform"}],"nm":"Group 4","np":2,"cix":2,"bm":0,"ix":4,"mn":"ADBE Vector Group","hd":false},{"ty":"gr","it":[{"ind":0,"ty":"sh","ix":1,"ks":{"a":0,"k":{"i":[[0,0],[0.454,-0.122],[0,0],[0.179,0.575],[0,0],[-0.474,0.125],[0,0],[-0.175,-0.563]],"o":[[0.175,0.563],[0,0],[-0.473,0.128],[0,0],[-0.179,-0.575],[0,0],[0.455,-0.12],[0,0]],"v":[[33.042,-2.257],[32.538,-1.016],[-27.971,15.29],[-29.152,14.48],[-33.042,1.982],[-32.508,0.713],[28.095,-15.293],[29.235,-14.491]],"c":true},"ix":2},"nm":"Path 1","mn":"ADBE Vector Shape - Group","hd":false},{"ty":"fl","c":{"a":0,"k":[0.847058832645,0.870588243008,0.909803926945,1],"ix":4},"o":{"a":0,"k":100,"ix":5},"r":1,"bm":0,"nm":"Fill 1","mn":"ADBE Vector Graphic - Fill","hd":false},{"ty":"tr","p":{"a":0,"k":[2052.355,1355.954],"ix":2},"a":{"a":0,"k":[0,0],"ix":1},"s":{"a":0,"k":[100,100],"ix":3},"r":{"a":0,"k":0,"ix":6},"o":{"a":0,"k":100,"ix":7},"sk":{"a":0,"k":0,"ix":4},"sa":{"a":0,"k":0,"ix":5},"nm":"Transform"}],"nm":"Group 5","np":2,"cix":2,"bm":0,"ix":5,"mn":"ADBE Vector Group","hd":false},{"ty":"tr","p":{"a":0,"k":[2052.355,1355.954],"ix":2},"a":{"a":0,"k":[2052.355,1355.954],"ix":1},"s":{"a":0,"k":[100,100],"ix":3},"r":{"a":0,"k":0,"ix":6},"o":{"a":0,"k":100,"ix":7},"sk":{"a":0,"k":0,"ix":4},"sa":{"a":0,"k":0,"ix":5},"nm":"Transform"}],"nm":"Group 4","np":5,"cix":2,"bm":0,"ix":4,"mn":"ADBE Vector Group","hd":false},{"ty":"gr","it":[{"ind":0,"ty":"sh","ix":1,"ks":{"a":0,"k":{"i":[[0,0],[0,0],[0,0],[0,0]],"o":[[0,0],[0,0],[0,0],[0,0]],"v":[[38.282,-2.143],[-33.678,16.577],[-38.282,1.786],[33.79,-16.577]],"c":true},"ix":2},"nm":"Path 1","mn":"ADBE Vector Shape - Group","hd":false},{"ty":"fl","c":{"a":0,"k":[0.847058832645,0.870588243008,0.909803926945,1],"ix":4},"o":{"a":0,"k":100,"ix":5},"r":1,"bm":0,"nm":"Fill 1","mn":"ADBE Vector Graphic - Fill","hd":false},{"ty":"tr","p":{"a":0,"k":[2003.512,1329.571],"ix":2},"a":{"a":0,"k":[0,0],"ix":1},"s":{"a":0,"k":[100,100],"ix":3},"r":{"a":0,"k":0,"ix":6},"o":{"a":0,"k":100,"ix":7},"sk":{"a":0,"k":0,"ix":4},"sa":{"a":0,"k":0,"ix":5},"nm":"Transform"}],"nm":"Group 5","np":2,"cix":2,"bm":0,"ix":5,"mn":"ADBE Vector Group","hd":false},{"ty":"tr","p":{"a":0,"k":[2003.512,1329.571],"ix":2},"a":{"a":0,"k":[2003.512,1329.571],"ix":1},"s":{"a":0,"k":[100,100],"ix":3},"r":{"a":0,"k":0,"ix":6},"o":{"a":0,"k":100,"ix":7},"sk":{"a":0,"k":0,"ix":4},"sa":{"a":0,"k":0,"ix":5},"nm":"Transform"}],"nm":"Group 1","np":5,"cix":2,"bm":0,"ix":1,"mn":"ADBE Vector Group","hd":false},{"ty":"gr","it":[{"ind":0,"ty":"sh","ix":1,"ks":{"a":0,"k":{"i":[[0,0],[1.384,-2.496],[-0.865,-2.713],[0,0],[-5.553,1.595],[0,0],[1.597,5.533],[0,0],[5.622,-1.513]],"o":[[-2.786,0.75],[-1.384,2.496],[0,0],[1.734,5.435],[0,0],[5.608,-1.611],[0,0],[-1.593,-5.521],[0,0]],"v":[[-103.506,-85.352],[-110.032,-80.272],[-110.844,-72.119],[-50.224,117.913],[-37.109,124.825],[103.677,84.388],[110.925,71.478],[56.344,-117.638],[43.318,-124.873]],"c":true},"ix":2},"nm":"Path 1","mn":"ADBE Vector Shape - Group","hd":false},{"ty":"fl","c":{"a":0,"k":[1,1,1,1],"ix":4},"o":{"a":0,"k":100,"ix":5},"r":1,"bm":0,"nm":"Fill 1","mn":"ADBE Vector Graphic - Fill","hd":false},{"ty":"tr","p":{"a":0,"k":[2024.822,1412.387],"ix":2},"a":{"a":0,"k":[0,0],"ix":1},"s":{"a":0,"k":[100,100],"ix":3},"r":{"a":0,"k":0,"ix":6},"o":{"a":0,"k":100,"ix":7},"sk":{"a":0,"k":0,"ix":4},"sa":{"a":0,"k":0,"ix":5},"nm":"Transform"}],"nm":"Group 2","np":2,"cix":2,"bm":0,"ix":2,"mn":"ADBE Vector Group","hd":false},{"ty":"gr","it":[{"ind":0,"ty":"sh","ix":1,"ks":{"a":0,"k":{"i":[[0,0],[1.552,-2.799],[-0.971,-3.043],[0,0],[-6.227,1.789],[0,0],[1.791,6.205],[0,0],[6.304,-1.697]],"o":[[-3.124,0.841],[-1.552,2.799],[0,0],[1.944,6.094],[0,0],[6.288,-1.806],[0,0],[-1.787,-6.191],[0,0]],"v":[[-116.067,-95.711],[-123.384,-90.014],[-124.295,-80.872],[-56.319,132.223],[-41.612,139.972],[116.258,94.628],[124.385,80.153],[63.182,-131.914],[48.575,-140.027]],"c":true},"ix":2},"nm":"Path 1","mn":"ADBE Vector Shape - Group","hd":false},{"ty":"fl","c":{"a":0,"k":[0.403921568627451,0.12941176470588237,0.00392156862745098,1],"ix":4},"o":{"a":0,"k":100,"ix":5},"r":1,"bm":0,"nm":"Fill 1","mn":"ADBE Vector Graphic - Fill","hd":false},{"ty":"tr","p":{"a":0,"k":[2024.822,1412.387],"ix":2},"a":{"a":0,"k":[0,0],"ix":1},"s":{"a":0,"k":[100,100],"ix":3},"r":{"a":0,"k":0,"ix":6},"o":{"a":0,"k":100,"ix":7},"sk":{"a":0,"k":0,"ix":4},"sa":{"a":0,"k":0,"ix":5},"nm":"Transform"}],"nm":"Group 3","np":2,"cix":2,"bm":0,"ix":3,"mn":"ADBE Vector Group","hd":false}],"ip":0,"op":144,"st":0,"bm":0},{"ddd":0,"ind":7,"ty":4,"nm":"body","sr":1,"ks":{"o":{"a":0,"k":100,"ix":11},"r":{"a":0,"k":0,"ix":10},"p":{"a":1,"k":[{"i":{"x":0.667,"y":1},"o":{"x":0.333,"y":0},"t":20,"s":[2616.742,2008.162,0],"to":[0,-2.667,0],"ti":[0,-0.5,0]},{"i":{"x":0.667,"y":1},"o":{"x":0.333,"y":0},"t":21,"s":[2616.742,1992.162,0],"to":[0,0.5,0],"ti":[0,-2.667,0]},{"i":{"x":0.667,"y":1},"o":{"x":0.333,"y":0},"t":23,"s":[2616.742,2011.162,0],"to":[0,2.667,0],"ti":[0,0.5,0]},{"t":26,"s":[2616.742,2008.162,0]}],"ix":2},"a":{"a":0,"k":[2616.742,2008.162,0],"ix":1},"s":{"a":0,"k":[100,100,100],"ix":6}},"ao":0,"shapes":[{"ty":"gr","it":[{"ind":0,"ty":"sh","ix":1,"ks":{"a":0,"k":{"i":[[-2.719,5.438],[-2.719,-7.25],[21.448,3.625]],"o":[[0,0],[2.719,7.249],[-21.448,-3.626]],"v":[[-18.955,-13.062],[18.805,-8.833],[0.378,13.219]],"c":true},"ix":2},"nm":"Path 1","mn":"ADBE Vector Shape - Group","hd":false},{"ty":"gf","o":{"a":0,"k":100,"ix":10},"r":1,"bm":0,"g":{"p":3,"k":{"a":0,"k":[0,0,0.6,0.36470588235294116,0.498,0.49411764705882355,0.8274509803921568,0.12941176470588237,0.996,0,0.6,0.36470588235294116],"ix":9}},"s":{"a":0,"k":[-51.914,-50.187],"ix":5},"e":{"a":0,"k":[2.763,-1.552],"ix":6},"t":1,"nm":"Gradient Fill 1","mn":"ADBE Vector Graphic - G-Fill","hd":false},{"ty":"tr","p":{"a":0,"k":[2519.914,3026.187],"ix":2},"a":{"a":0,"k":[0,0],"ix":1},"s":{"a":0,"k":[100,100],"ix":3},"r":{"a":0,"k":0,"ix":6},"o":{"a":0,"k":100,"ix":7},"sk":{"a":0,"k":0,"ix":4},"sa":{"a":0,"k":0,"ix":5},"nm":"Transform"}],"nm":"Group 1","np":2,"cix":2,"bm":0,"ix":1,"mn":"ADBE Vector Group","hd":false},{"ty":"gr","it":[{"ind":0,"ty":"sh","ix":1,"ks":{"a":0,"k":{"i":[[39.731,1.17],[56.179,-50.55],[5.667,-6.64],[16.361,-29.173],[10.791,-36.706],[1.826,-24.017],[-9.241,-42.372],[-123.184,18.323],[-31.68,16.711],[-11.829,47.732],[-13.89,54.067],[15.747,18.654]],"o":[[-44.376,-1.304],[-0.977,0.877],[-5.262,6.164],[-11.85,21.128],[-19.031,64.733],[-10.269,135.057],[40.121,20.608],[56.255,-8.369],[-31.963,-96.779],[16.871,-68.064],[22.919,-89.214],[-42.462,-50.298]],"v":[[66.524,-305.723],[-119.978,-270.969],[-131.164,-258.476],[-170.83,-201.56],[-204.166,-119.098],[-230.483,24.772],[-221.329,264.512],[45.361,303.674],[178.317,259.876],[183.26,63.576],[214.293,-53.41],[225.225,-252.438]],"c":true},"ix":2},"nm":"Path 1","mn":"ADBE Vector Shape - Group","hd":false},{"ty":"gf","o":{"a":0,"k":100,"ix":10},"r":1,"bm":0,"g":{"p":3,"k":{"a":0,"k":[0,0,0.6,0.36470588235294116,0.498,0,0.6,0.36470588235294116,0.996,0.5333333333333333,0.8431372549019608,0.3803921568627451],"ix":9}},"s":{"a":0,"k":[-336.908,-265.081],"ix":5},"e":{"a":0,"k":[354.64,283.767],"ix":6},"t":1,"nm":"Gradient Fill 1","mn":"ADBE Vector Graphic - G-Fill","hd":false},{"ty":"tr","p":{"a":0,"k":[2631.908,1709.081],"ix":2},"a":{"a":0,"k":[0,0],"ix":1},"s":{"a":0,"k":[100,100],"ix":3},"r":{"a":0,"k":0,"ix":6},"o":{"a":0,"k":100,"ix":7},"sk":{"a":0,"k":0,"ix":4},"sa":{"a":0,"k":0,"ix":5},"nm":"Transform"}],"nm":"Group 2","np":2,"cix":2,"bm":0,"ix":2,"mn":"ADBE Vector Group","hd":false},{"ty":"gr","it":[{"ind":0,"ty":"sh","ix":1,"ks":{"a":0,"k":{"i":[[0,0],[12.243,-89.057],[13.862,-281.49],[-7.251,-4.576],[-4.061,0.123],[-11.732,3.518],[10.89,75.665],[-4.468,114.947],[0,0],[0,0],[-14.452,-83.816],[-7.875,-2.614],[-11.583,7.635],[0,0],[46.048,199.956],[21.175,129.636]],"o":[[-13.318,43.98],[-34.921,254.024],[-4.424,89.853],[3.51,0.339],[7.156,-0.216],[13.032,-2.245],[-7.708,-53.553],[0.723,-18.625],[0,0],[14.495,127.232],[46.432,269.288],[1.555,0.624],[5.154,-3.397],[4.039,-3.162],[-66.839,-290.234],[-18.323,-112.171]],"v":[[-217.497,-513.198],[-262.078,-309.178],[-236.637,234.439],[-151.543,536.058],[-140.165,536.504],[-111.189,531.675],[-62.062,326.503],[-63.068,100.53],[-14.691,-261.83],[-14.691,-261.83],[30.926,57.325],[236.204,492.219],[263.508,490.355],[270.417,482.574],[223.179,13.764],[164.269,-474.016]],"c":true},"ix":2},"nm":"Path 1","mn":"ADBE Vector Shape - Group","hd":false},{"ty":"gf","o":{"a":0,"k":100,"ix":10},"r":1,"bm":0,"g":{"p":3,"k":{"a":0,"k":[0,0.13725490196078433,0.13725490196078433,0.1411764705882353,0.498,0.22745098039215686,0.22745098039215686,0.23137254901960785,0.996,0.27450980392156865,0.27450980392156865,0.28627450980392155],"ix":9}},"s":{"a":0,"k":[3091.956,632.06],"ix":5},"e":{"a":0,"k":[3448.488,2071.552],"ix":6},"t":1,"nm":"Gradient Fill 1","mn":"ADBE Vector Graphic - G-Fill","hd":false},{"ty":"tr","p":{"a":0,"k":[2645.956,2442.94],"ix":2},"a":{"a":0,"k":[0,0],"ix":1},"s":{"a":0,"k":[100,100],"ix":3},"r":{"a":0,"k":0,"ix":6},"o":{"a":0,"k":100,"ix":7},"sk":{"a":0,"k":0,"ix":4},"sa":{"a":0,"k":0,"ix":5},"nm":"Transform"}],"nm":"Group 3","np":2,"cix":2,"bm":0,"ix":3,"mn":"ADBE Vector Group","hd":false},{"ty":"gr","it":[{"ind":0,"ty":"sh","ix":1,"ks":{"a":0,"k":{"i":[[1.266,-11.315],[0,0],[0,0],[0,0],[-2.945,-21.094]],"o":[[0,0],[-10.836,-17.569],[0,0],[0,0],[1.007,7.22]],"v":[[-12.618,33.648],[16.131,33.648],[14.791,-33.648],[-16.131,-31.194],[-11.713,4.126]],"c":true},"ix":2},"nm":"Path 1","mn":"ADBE Vector Shape - Group","hd":false},{"ty":"gf","o":{"a":0,"k":100,"ix":10},"r":1,"bm":0,"g":{"p":3,"k":{"a":0,"k":[0,1,0.769,0.267,0.498,0.976,0.602,0.302,0.996,0.953,0.435,0.337],"ix":9}},"s":{"a":0,"k":[-925.586,47.697],"ix":5},"e":{"a":0,"k":[-925.586,-47.556],"ix":6},"t":1,"nm":"Gradient Fill 1","mn":"ADBE Vector Graphic - G-Fill","hd":false},{"ty":"tr","p":{"a":0,"k":[2515.586,2983.303],"ix":2},"a":{"a":0,"k":[0,0],"ix":1},"s":{"a":0,"k":[100,100],"ix":3},"r":{"a":0,"k":0,"ix":6},"o":{"a":0,"k":100,"ix":7},"sk":{"a":0,"k":0,"ix":4},"sa":{"a":0,"k":0,"ix":5},"nm":"Transform"}],"nm":"Group 4","np":2,"cix":2,"bm":0,"ix":4,"mn":"ADBE Vector Group","hd":false},{"ty":"gr","it":[{"ind":0,"ty":"sh","ix":1,"ks":{"a":0,"k":{"i":[[-2.724,8.216],[-11.964,-13.286],[4.629,-4.616],[5.575,0.722]],"o":[[2.74,-8.269],[5.94,6.596],[-1.685,1.68],[-18.493,-2.394]],"v":[[-24.806,-11.09],[18.392,-9.881],[22.726,13.428],[20.808,18.514]],"c":true},"ix":2},"nm":"Path 1","mn":"ADBE Vector Shape - Group","hd":false},{"ty":"gf","o":{"a":0,"k":100,"ix":10},"r":1,"bm":0,"g":{"p":3,"k":{"a":0,"k":[0,0,0,0,0.498,0,0,0,0.996,0,0,0],"ix":9}},"s":{"a":0,"k":[-37.483,-37.892],"ix":5},"e":{"a":0,"k":[17.194,10.743],"ix":6},"t":1,"nm":"Gradient Fill 1","mn":"ADBE Vector Graphic - G-Fill","hd":false},{"ty":"tr","p":{"a":0,"k":[2499.483,3020.892],"ix":2},"a":{"a":0,"k":[0,0],"ix":1},"s":{"a":0,"k":[100,100],"ix":3},"r":{"a":0,"k":0,"ix":6},"o":{"a":0,"k":100,"ix":7},"sk":{"a":0,"k":0,"ix":4},"sa":{"a":0,"k":0,"ix":5},"nm":"Transform"}],"nm":"Group 5","np":2,"cix":2,"bm":0,"ix":5,"mn":"ADBE Vector Group","hd":false},{"ty":"gr","it":[{"ind":0,"ty":"sh","ix":1,"ks":{"a":0,"k":{"i":[[-1.931,5.765],[-3.707,-6.797],[21.745,0.587]],"o":[[0,0],[3.707,6.799],[-21.744,-0.587]],"v":[[-20.03,-9.736],[17.95,-10.834],[2.791,13.58]],"c":true},"ix":2},"nm":"Path 1","mn":"ADBE Vector Shape - Group","hd":false},{"ty":"gf","o":{"a":0,"k":100,"ix":10},"r":1,"bm":0,"g":{"p":3,"k":{"a":0,"k":[0,0,0,0,0.498,0,0,0,0.996,0,0,0],"ix":9}},"s":{"a":0,"k":[-358.756,204.232],"ix":5},"e":{"a":0,"k":[-297.825,244.753],"ix":6},"t":1,"nm":"Gradient Fill 1","mn":"ADBE Vector Graphic - G-Fill","hd":false},{"ty":"tr","p":{"a":0,"k":[2911.795,2987.01],"ix":2},"a":{"a":0,"k":[0,0],"ix":1},"s":{"a":0,"k":[100,100],"ix":3},"r":{"a":0,"k":0,"ix":6},"o":{"a":0,"k":100,"ix":7},"sk":{"a":0,"k":0,"ix":4},"sa":{"a":0,"k":0,"ix":5},"nm":"Transform"}],"nm":"Group 6","np":2,"cix":2,"bm":0,"ix":6,"mn":"ADBE Vector Group","hd":false},{"ty":"gr","it":[{"ind":0,"ty":"sh","ix":1,"ks":{"a":0,"k":{"i":[[-0.331,-11.381],[0,0],[0,0],[0,0],[-5.869,-20.473]],"o":[[0,0],[-13.189,-15.879],[0,0],[0,0],[2.008,7.008]],"v":[[-7.957,35.235],[20.51,31.211],[9.763,-35.235],[-20.51,-28.477],[-11.193,5.876]],"c":true},"ix":2},"nm":"Path 1","mn":"ADBE Vector Shape - Group","hd":false},{"ty":"gf","o":{"a":0,"k":100,"ix":10},"r":1,"bm":0,"g":{"p":3,"k":{"a":0,"k":[0,1,0.769,0.267,0.498,0.976,0.602,0.302,0.996,0.953,0.435,0.337],"ix":9}},"s":{"a":0,"k":[-1205.191,421.334],"ix":5},"e":{"a":0,"k":[-1218.494,327.019],"ix":6},"t":1,"nm":"Gradient Fill 1","mn":"ADBE Vector Graphic - G-Fill","hd":false},{"ty":"tr","p":{"a":0,"k":[2902.247,2945.546],"ix":2},"a":{"a":0,"k":[0,0],"ix":1},"s":{"a":0,"k":[100,100],"ix":3},"r":{"a":0,"k":0,"ix":6},"o":{"a":0,"k":100,"ix":7},"sk":{"a":0,"k":0,"ix":4},"sa":{"a":0,"k":0,"ix":5},"nm":"Transform"}],"nm":"Group 7","np":2,"cix":2,"bm":0,"ix":7,"mn":"ADBE Vector Group","hd":false},{"ty":"gr","it":[{"ind":0,"ty":"sh","ix":1,"ks":{"a":0,"k":{"i":[[-1.547,8.517],[-13.706,-11.48],[3.938,-5.219],[5.622,-0.066]],"o":[[1.557,-8.571],[6.805,5.699],[-1.433,1.899],[-18.645,0.218]],"v":[[-25.94,-6.151],[17.002,-11.001],[24.556,11.473],[23.369,16.777]],"c":true},"ix":2},"nm":"Path 1","mn":"ADBE Vector Shape - Group","hd":false},{"ty":"gf","o":{"a":0,"k":100,"ix":10},"r":1,"bm":0,"g":{"p":3,"k":{"a":0,"k":[0,0,0.6,0.36470588235294116,0.498,0,0.6,0.42745098039215684,0.996,0.49411764705882355,0.8274509803921568,0.12941176470588237],"ix":9}},"s":{"a":0,"k":[-342.043,211.158],"ix":5},"e":{"a":0,"k":[-281.112,251.678],"ix":6},"t":1,"nm":"Gradient Fill 1","mn":"ADBE Vector Graphic - G-Fill","hd":false},{"ty":"tr","p":{"a":0,"k":[2891.217,2983.813],"ix":2},"a":{"a":0,"k":[0,0],"ix":1},"s":{"a":0,"k":[100,100],"ix":3},"r":{"a":0,"k":0,"ix":6},"o":{"a":0,"k":100,"ix":7},"sk":{"a":0,"k":0,"ix":4},"sa":{"a":0,"k":0,"ix":5},"nm":"Transform"}],"nm":"Group 8","np":2,"cix":2,"bm":0,"ix":8,"mn":"ADBE Vector Group","hd":false}],"ip":0,"op":144,"st":0,"bm":0},{"ddd":0,"ind":8,"ty":4,"nm":"arm R","parent":7,"sr":1,"ks":{"o":{"a":0,"k":100,"ix":11},"r":{"a":1,"k":[{"i":{"x":[0.667],"y":[1]},"o":{"x":[0.604],"y":[0]},"t":26,"s":[-31]},{"i":{"x":[0.667],"y":[1]},"o":{"x":[0.333],"y":[0]},"t":48,"s":[0]},{"i":{"x":[0.396],"y":[1]},"o":{"x":[0.333],"y":[0]},"t":98,"s":[0]},{"t":120,"s":[-31]}],"ix":10},"p":{"a":0,"k":[2791.615,1459.439,0],"ix":2},"a":{"a":0,"k":[2791.615,1459.439,0],"ix":1},"s":{"a":0,"k":[100,100,100],"ix":6}},"ao":0,"shapes":[{"ty":"gr","it":[{"ind":0,"ty":"sh","ix":1,"ks":{"a":0,"k":{"i":[[-13.963,1.709],[-27.419,-139.228],[81.122,-84.505],[69.525,79.215],[4.791,17.203],[0,0],[0,0],[-16.254,4.006],[-22.948,19.323],[-2.253,13.745],[1.923,28.87],[-28.17,30.838]],"o":[[8.747,3.306],[2.215,11.248],[-90.964,94.758],[-16.213,-18.473],[0,0],[0,0],[22.352,-26.984],[40.07,-9.875],[12.698,-10.691],[7.675,-46.817],[-1.438,-21.583],[17.838,-19.528]],"v":[[39.686,-241.427],[209.248,-45.843],[151.773,169.528],[-183.874,182.721],[-213.433,126.57],[-213.433,126.57],[-195.113,77.901],[-126.073,40.516],[-32.803,29.166],[-15.329,-10.657],[-36.001,-115.162],[-16.824,-214.873]],"c":true},"ix":2},"nm":"Path 1","mn":"ADBE Vector Shape - Group","hd":false},{"ty":"gf","o":{"a":0,"k":100,"ix":10},"r":1,"bm":0,"g":{"p":3,"k":{"a":0,"k":[0,0,0.6,0.36470588235294116,0.498,0,0.6,0.36470588235294116,0.996,0.2549019607843137,0.4588235294117647,0.0196078431372549],"ix":9}},"s":{"a":0,"k":[-34.615,216.561],"ix":5},"e":{"a":0,"k":[80.643,-244.47],"ix":6},"t":1,"nm":"Gradient Fill 1","mn":"ADBE Vector Graphic - G-Fill","hd":false},{"ty":"tr","p":{"a":0,"k":[2773.615,1667.439],"ix":2},"a":{"a":0,"k":[0,0],"ix":1},"s":{"a":0,"k":[100,100],"ix":3},"r":{"a":0,"k":0,"ix":6},"o":{"a":0,"k":100,"ix":7},"sk":{"a":0,"k":0,"ix":4},"sa":{"a":0,"k":0,"ix":5},"nm":"Transform"}],"nm":"Group 9","np":2,"cix":2,"bm":0,"ix":1,"mn":"ADBE Vector Group","hd":false}],"ip":0,"op":144,"st":0,"bm":0},{"ddd":0,"ind":9,"ty":4,"nm":"hammer","sr":1,"ks":{"o":{"a":0,"k":100,"ix":11},"r":{"a":1,"k":[{"i":{"x":[0.416],"y":[1]},"o":{"x":[0.333],"y":[0]},"t":0,"s":[0]},{"i":{"x":[0.667],"y":[1]},"o":{"x":[0.648],"y":[0]},"t":12,"s":[50]},{"i":{"x":[0.355],"y":[1]},"o":{"x":[0.333],"y":[0]},"t":20,"s":[-7]},{"i":{"x":[0.667],"y":[1]},"o":{"x":[0.333],"y":[0]},"t":32,"s":[10]},{"t":44,"s":[0]}],"ix":10},"p":{"a":1,"k":[{"i":{"x":0.416,"y":1},"o":{"x":0.333,"y":0},"t":0,"s":[2971.603,2413.822,0],"to":[0,-25.833,0],"ti":[0,25.833,0]},{"i":{"x":0.416,"y":0.416},"o":{"x":0.648,"y":0.648},"t":12,"s":[2971.603,2258.822,0],"to":[0,0,0],"ti":[0,0,0]},{"i":{"x":0.355,"y":1},"o":{"x":0.42,"y":0},"t":20,"s":[2971.603,2258.822,0],"to":[0,25.833,0],"ti":[0,-25.833,0]},{"t":32,"s":[2971.603,2413.822,0]}],"ix":2},"a":{"a":0,"k":[2971.603,2413.822,0],"ix":1},"s":{"a":0,"k":[100,100,100],"ix":6}},"ao":0,"shapes":[{"ty":"gr","it":[{"ind":0,"ty":"sh","ix":1,"ks":{"a":0,"k":{"i":[[171.83,20.544],[2.727,-4.218],[121.273,3.274],[155.648,51.367],[98.008,-64.135],[-108.197,-0.275]],"o":[[-2.244,4.413],[-71.906,117.069],[-162.324,-0.726],[-106.995,-38.049],[307.387,56.893],[129.421,0.327]],"v":[[512.941,-94.109],[505.511,-81.151],[164.388,19.144],[-301.521,-99.646],[-623.183,-64.715],[505.468,122.268]],"c":true},"ix":2},"nm":"Path 1","mn":"ADBE Vector Shape - Group","hd":false},{"ty":"gf","o":{"a":0,"k":100,"ix":10},"r":1,"bm":0,"g":{"p":3,"k":{"a":0,"k":[0,0.192,0.098,0.267,0.5,0.41,0.161,0.365,1,0.627,0.224,0.463],"ix":9}},"s":{"a":0,"k":[-1079.197,-649.631],"ix":5},"e":{"a":0,"k":[537.373,100.868],"ix":6},"t":1,"nm":"Gradient Fill 1","mn":"ADBE Vector Graphic - G-Fill","hd":false},{"ty":"tr","p":{"a":0,"k":[2425.045,2365.446],"ix":2},"a":{"a":0,"k":[0,0],"ix":1},"s":{"a":0,"k":[100,100],"ix":3},"r":{"a":0,"k":0,"ix":6},"o":{"a":0,"k":30,"ix":7},"sk":{"a":0,"k":0,"ix":4},"sa":{"a":0,"k":0,"ix":5},"nm":"Transform"}],"nm":"Group 1","np":2,"cix":2,"bm":1,"ix":1,"mn":"ADBE Vector Group","hd":false},{"ty":"gr","it":[{"ind":0,"ty":"sh","ix":1,"ks":{"a":0,"k":{"i":[[11.319,33.472],[99.568,28.954],[49.269,-2.679],[19.515,-27.893],[-102.671,-54.981],[5.723,-70.298],[27.48,-62.548],[28.262,-86.465],[15.802,-67.162],[19.343,-57.069],[10.191,-4.458],[52.099,-0.316],[39.069,28.805],[7.218,-14.359],[0.397,-7.408],[-124.464,-27.085],[-31.252,55.81],[2.244,27.493],[-1.696,21.604],[-25.161,43.438],[-14.213,71.092],[-17.213,81.996],[-23.511,58.325],[-17.282,47.42]],"o":[[-41.459,-32.727],[-84.824,-24.666],[-17.73,10.452],[45.941,-10.879],[14.094,7.547],[-3.685,45.263],[-32.511,74.002],[-21.691,66.364],[-15.49,65.836],[-24.944,73.595],[-7.474,3.268],[-99.978,0.604],[-7.788,6.389],[-5.102,10.15],[-2.516,47.063],[54.267,11.809],[5.783,-10.327],[-3.541,-43.402],[3.031,-38.609],[26.208,-45.245],[16.695,-83.503],[15.334,-73.037],[20.37,-50.534],[17.575,-48.229]],"v":[[354.022,-391.95],[141.737,-501.409],[-66.127,-525.212],[-128.263,-469.225],[126.769,-442.896],[247.168,-305.058],[167.592,-197.95],[159.427,-1.996],[85.945,125.92],[83.223,264.721],[-25.641,376.306],[-117.155,393.317],[-334.554,316.859],[-357.677,345.009],[-367.202,374.947],[-112.397,503.872],[139.648,495.749],[141.172,442.793],[128.501,370.58],[193.448,283.773],[208.416,147.692],[281.9,-12.882],[291.642,-159.104],[357.664,-262.091]],"c":true},"ix":2},"nm":"Path 1","mn":"ADBE Vector Shape - Group","hd":false},{"ty":"gf","o":{"a":0,"k":100,"ix":10},"r":1,"bm":0,"g":{"p":3,"k":{"a":0,"k":[0,0.192,0.098,0.267,0.5,0.41,0.161,0.365,1,0.627,0.224,0.463],"ix":9}},"s":{"a":0,"k":[-856.198,-1165.822],"ix":5},"e":{"a":0,"k":[184.545,258.566],"ix":6},"t":1,"nm":"Gradient Fill 1","mn":"ADBE Vector Graphic - G-Fill","hd":false},{"ty":"tr","p":{"a":0,"k":[1478.198,2161.822],"ix":2},"a":{"a":0,"k":[0,0],"ix":1},"s":{"a":0,"k":[100,100],"ix":3},"r":{"a":0,"k":0,"ix":6},"o":{"a":0,"k":30,"ix":7},"sk":{"a":0,"k":0,"ix":4},"sa":{"a":0,"k":0,"ix":5},"nm":"Transform"}],"nm":"Group 2","np":2,"cix":2,"bm":1,"ix":2,"mn":"ADBE Vector Group","hd":false},{"ty":"gr","it":[{"ind":0,"ty":"sh","ix":1,"ks":{"a":0,"k":{"i":[[49.269,-2.679],[20.251,-37.5],[29.816,-80.144],[20.219,-68.36],[29.768,-64.11],[6.409,-47.161],[-8.378,-78.405],[7.235,-11.909],[14.147,-28.144],[0.397,-7.408],[-124.464,-27.085],[-31.252,55.81],[2.244,27.493],[-1.696,21.604],[-25.161,43.438],[-14.213,71.092],[-17.213,81.996],[-23.511,58.325],[-17.282,47.42],[11.319,33.472],[99.568,28.954]],"o":[[-20.95,12.35],[-35.726,66.154],[-26.405,70.976],[-22.107,74.745],[-22.395,48.232],[-0.999,7.35],[6.746,63.128],[-11.789,19.403],[-5.102,10.15],[-2.516,47.063],[54.267,11.809],[5.783,-10.327],[-3.541,-43.402],[3.031,-38.609],[26.208,-45.245],[16.695,-83.503],[15.334,-73.037],[20.37,-50.534],[17.575,-48.229],[-41.459,-32.727],[-84.824,-24.666]],"v":[[-66.127,-525.212],[-138.309,-453.028],[-167.924,-264.24],[-250.22,-138.084],[-262.421,26.58],[-322.296,125.92],[-314.143,211.434],[-314.131,296.02],[-357.677,345.009],[-367.202,374.947],[-112.397,503.872],[139.648,495.749],[141.172,442.793],[128.501,370.58],[193.448,283.773],[208.416,147.692],[281.9,-12.882],[291.642,-159.104],[357.664,-262.091],[354.022,-391.95],[141.737,-501.409]],"c":true},"ix":2},"nm":"Path 1","mn":"ADBE Vector Shape - Group","hd":false},{"ty":"gf","o":{"a":0,"k":100,"ix":10},"r":1,"bm":0,"g":{"p":3,"k":{"a":0,"k":[0,0.192,0.098,0.267,0.5,0.41,0.161,0.365,1,0.627,0.224,0.463],"ix":9}},"s":{"a":0,"k":[-856.198,-1165.822],"ix":5},"e":{"a":0,"k":[184.557,258.583],"ix":6},"t":1,"nm":"Gradient Fill 1","mn":"ADBE Vector Graphic - G-Fill","hd":false},{"ty":"tr","p":{"a":0,"k":[1478.198,2161.822],"ix":2},"a":{"a":0,"k":[0,0],"ix":1},"s":{"a":0,"k":[100,100],"ix":3},"r":{"a":0,"k":0,"ix":6},"o":{"a":0,"k":100,"ix":7},"sk":{"a":0,"k":0,"ix":4},"sa":{"a":0,"k":0,"ix":5},"nm":"Transform"}],"nm":"Group 3","np":2,"cix":2,"bm":0,"ix":3,"mn":"ADBE Vector Group","hd":false},{"ty":"gr","it":[{"ind":0,"ty":"sh","ix":1,"ks":{"a":0,"k":{"i":[[0,0],[-218.29,6.572],[138.568,0.351],[0,0]],"o":[[0,0],[218.29,-6.572],[-138.568,-0.351],[0,0]],"v":[[-699.065,-169.364],[549.035,-48.633],[581.332,169.363],[-687.928,-43.814]],"c":true},"ix":2},"nm":"Path 1","mn":"ADBE Vector Shape - Group","hd":false},{"ty":"gf","o":{"a":0,"k":100,"ix":10},"r":1,"bm":0,"g":{"p":3,"k":{"a":0,"k":[0,0.192,0.098,0.267,0.5,0.41,0.161,0.365,1,0.627,0.224,0.463],"ix":9}},"s":{"a":0,"k":[-1296.043,-731.622],"ix":5},"e":{"a":0,"k":[598.847,148.088],"ix":6},"t":1,"nm":"Gradient Fill 1","mn":"ADBE Vector Graphic - G-Fill","hd":false},{"ty":"tr","p":{"a":0,"k":[2349.18,2318.35],"ix":2},"a":{"a":0,"k":[0,0],"ix":1},"s":{"a":0,"k":[100,100],"ix":3},"r":{"a":0,"k":0,"ix":6},"o":{"a":0,"k":100,"ix":7},"sk":{"a":0,"k":0,"ix":4},"sa":{"a":0,"k":0,"ix":5},"nm":"Transform"}],"nm":"Group 4","np":2,"cix":2,"bm":0,"ix":4,"mn":"ADBE Vector Group","hd":false}],"ip":0,"op":144,"st":0,"bm":0},{"ddd":0,"ind":10,"ty":4,"nm":"stand","sr":1,"ks":{"o":{"a":0,"k":100,"ix":11},"r":{"a":0,"k":0,"ix":10},"p":{"a":1,"k":[{"i":{"x":0.667,"y":1},"o":{"x":0.333,"y":0},"t":20,"s":[1426.495,3049.268,0],"to":[0,-6.667,0],"ti":[0,0,0]},{"i":{"x":0.667,"y":1},"o":{"x":0.333,"y":0},"t":21,"s":[1426.495,3009.268,0],"to":[0,0,0],"ti":[0,-6.667,0]},{"i":{"x":0.667,"y":0.667},"o":{"x":0.333,"y":0.333},"t":23,"s":[1426.495,3049.268,0],"to":[0,0,0],"ti":[0,0,0]},{"t":26,"s":[1426.495,3049.268,0]}],"ix":2},"a":{"a":0,"k":[1426.495,3049.268,0],"ix":1},"s":{"a":0,"k":[100,100,100],"ix":6}},"ao":0,"shapes":[{"ty":"gr","it":[{"ind":0,"ty":"sh","ix":1,"ks":{"a":0,"k":{"i":[[0,-19.031],[204.229,0],[0,19.031],[-204.229,0]],"o":[[0,19.031],[-204.229,0],[0,-19.031],[204.229,0]],"v":[[369.789,0],[0,34.458],[-369.789,0],[0,-34.458]],"c":true},"ix":2},"nm":"Path 1","mn":"ADBE Vector Shape - Group","hd":false},{"ty":"gf","o":{"a":0,"k":100,"ix":10},"r":1,"bm":0,"g":{"p":3,"k":{"a":0,"k":[0,1,0.565,0.522,0.5,0.992,0.5,0.627,1,0.984,0.435,0.733],"ix":9}},"s":{"a":0,"k":[-536.194,-289.182],"ix":5},"e":{"a":0,"k":[153.028,82.564],"ix":6},"t":1,"nm":"Gradient Fill stand 1","mn":"ADBE Vector Graphic - G-Fill","hd":false},{"ty":"tr","p":{"a":0,"k":[1401.194,2694.182],"ix":2},"a":{"a":0,"k":[0,0],"ix":1},"s":{"a":0,"k":[100,100],"ix":3},"r":{"a":0,"k":0,"ix":6},"o":{"a":0,"k":30,"ix":7},"sk":{"a":0,"k":0,"ix":4},"sa":{"a":0,"k":0,"ix":5},"nm":"Transform"}],"nm":"stand1","np":2,"cix":2,"bm":1,"ix":1,"mn":"ADBE Vector Group","hd":false},{"ty":"gr","it":[{"ind":0,"ty":"sh","ix":1,"ks":{"a":0,"k":{"i":[[0,-29.248],[307.245,0],[0,29.248],[-307.245,0]],"o":[[0,29.248],[-307.245,0],[0,-29.248],[307.245,0]],"v":[[556.315,0],[0,52.958],[-556.315,0],[0,-52.958]],"c":true},"ix":2},"nm":"Path 1","mn":"ADBE Vector Shape - Group","hd":false},{"ty":"gf","o":{"a":0,"k":100,"ix":10},"r":1,"bm":0,"g":{"p":3,"k":{"a":0,"k":[0,1,0.565,0.522,0.5,0.992,0.5,0.627,1,0.984,0.435,0.733],"ix":9}},"s":{"a":0,"k":[46.806,90.318],"ix":5},"e":{"a":0,"k":[307.462,-660.025],"ix":6},"t":1,"nm":"Gradient Fill stand 2","mn":"ADBE Vector Graphic - G-Fill","hd":false},{"ty":"tr","p":{"a":0,"k":[1401.194,2712.682],"ix":2},"a":{"a":0,"k":[0,0],"ix":1},"s":{"a":0,"k":[100,100],"ix":3},"r":{"a":0,"k":0,"ix":6},"o":{"a":0,"k":100,"ix":7},"sk":{"a":0,"k":0,"ix":4},"sa":{"a":0,"k":0,"ix":5},"nm":"Transform"}],"nm":"stand2","np":2,"cix":2,"bm":0,"ix":2,"mn":"ADBE Vector Group","hd":false},{"ty":"gr","it":[{"ind":0,"ty":"sh","ix":1,"ks":{"a":0,"k":{"i":[[-0.584,29.613],[0,0],[0,0],[0,0],[14.173,-39.584],[-50.136,0],[-70.308,-24.608],[-137.101,35.154],[-87.885,-3.515],[38.669,-45.7],[147.647,-28.123],[84.37,0],[10.546,0],[51.581,0.201],[-201.588,2.161],[-9.872,49.356]],"o":[[0.585,-29.613],[0,0],[0,0],[0,0],[40.556,31.45],[77.339,3.515],[126.554,42.185],[84.37,-21.092],[52.731,0],[-108.977,116.008],[-87.885,17.577],[-10.546,0],[-53.368,7.625],[108.765,10.373],[471.016,-9.872],[9.872,-49.356]],"v":[[582.789,-71.219],[500.751,-171.064],[-556.76,-171.064],[-611.879,-171.064],[-636.251,-100.324],[-492.956,-61.438],[-271.486,-68.469],[115.208,1.839],[368.317,-50.892],[438.625,51.055],[9.746,124.878],[-243.362,135.424],[-278.516,145.97],[-435.508,156.376],[23.518,170.628],[635.199,64.512]],"c":true},"ix":2},"nm":"Path 1","mn":"ADBE Vector Shape - Group","hd":false},{"ty":"gf","o":{"a":0,"k":100,"ix":10},"r":1,"bm":0,"g":{"p":3,"k":{"a":0,"k":[0,1,0.565,0.522,0.5,0.992,0.5,0.627,1,0.984,0.435,0.733],"ix":9}},"s":{"a":0,"k":[1302.242,25.253],"ix":5},"e":{"a":0,"k":[-887.901,-24.961],"ix":6},"t":1,"nm":"Gradient Fill stand 3","mn":"ADBE Vector Graphic - G-Fill","hd":false},{"ty":"tr","p":{"a":0,"k":[1456.758,2883.747],"ix":2},"a":{"a":0,"k":[0,0],"ix":1},"s":{"a":0,"k":[100,100],"ix":3},"r":{"a":0,"k":0,"ix":6},"o":{"a":0,"k":30,"ix":7},"sk":{"a":0,"k":0,"ix":4},"sa":{"a":0,"k":0,"ix":5},"nm":"Transform"}],"nm":"stand3","np":2,"cix":2,"bm":1,"ix":3,"mn":"ADBE Vector Group","hd":false},{"ty":"gr","it":[{"ind":0,"ty":"sh","ix":1,"ks":{"a":0,"k":{"i":[[0,0],[0,0],[29.614,-29.614],[-690.652,7.404],[-9.871,49.357],[-0.585,29.614],[0,0]],"o":[[0,0],[0,0],[-29.614,29.614],[471.015,-9.871],[9.871,-49.357],[0.585,-29.614],[0,0]],"v":[[-518.497,-171.065],[-573.616,-171.065],[-669.034,59.576],[61.781,170.629],[673.463,64.512],[621.053,-71.218],[539.015,-171.065]],"c":true},"ix":2},"nm":"Path 1","mn":"ADBE Vector Shape - Group","hd":false},{"ty":"gf","o":{"a":0,"k":100,"ix":10},"r":1,"bm":0,"g":{"p":3,"k":{"a":0,"k":[0,1,0.565,0.522,0.5,0.992,0.5,0.627,1,0.984,0.435,0.733],"ix":9}},"s":{"a":0,"k":[1378.505,26.253],"ix":5},"e":{"a":0,"k":[-936.216,-26.817],"ix":6},"t":1,"nm":"Gradient Fill stand 4","mn":"ADBE Vector Graphic - G-Fill","hd":false},{"ty":"tr","p":{"a":0,"k":[1418.495,2883.747],"ix":2},"a":{"a":0,"k":[0,0],"ix":1},"s":{"a":0,"k":[100,100],"ix":3},"r":{"a":0,"k":0,"ix":6},"o":{"a":0,"k":100,"ix":7},"sk":{"a":0,"k":0,"ix":4},"sa":{"a":0,"k":0,"ix":5},"nm":"Transform"}],"nm":"stand4","np":2,"cix":2,"bm":0,"ix":4,"mn":"ADBE Vector Group","hd":false}],"ip":0,"op":144,"st":0,"bm":0},{"ddd":0,"ind":11,"ty":4,"nm":"tablet","sr":1,"ks":{"o":{"a":0,"k":100,"ix":11},"r":{"a":0,"k":0,"ix":10},"p":{"a":1,"k":[{"i":{"x":0.667,"y":1},"o":{"x":0.333,"y":0},"t":20,"s":[1350.007,1439.924,0],"to":[0,-6.667,0],"ti":[0,-5,0]},{"i":{"x":0.667,"y":1},"o":{"x":0.333,"y":0},"t":21,"s":[1350.007,1399.924,0],"to":[0,5,0],"ti":[0,-6.667,0]},{"i":{"x":0.667,"y":1},"o":{"x":0.333,"y":0},"t":23,"s":[1350.007,1469.924,0],"to":[0,6.667,0],"ti":[0,5,0]},{"t":26,"s":[1350.007,1439.924,0]}],"ix":2},"a":{"a":0,"k":[1350.007,1439.924,0],"ix":1},"s":{"a":0,"k":[100,100,100],"ix":6}},"ao":0,"shapes":[{"ty":"gr","it":[{"ind":0,"ty":"sh","ix":1,"ks":{"a":0,"k":{"i":[[11.686,0.628],[0,0],[8.99,18.214],[70.534,-14.107],[53.833,-5.383],[75.599,-0.74],[0,0],[0,0],[0,0]],"o":[[0,0],[-21.679,-1.164],[-66.946,14.007],[-48.451,10.767],[-77.218,10.435],[0,0],[0,0],[0,0],[-2.045,-11.801]],"v":[[310.328,-47.252],[238.084,-51.133],[189.775,-82.941],[-18.238,-69.463],[-115.139,22.055],[-344.359,33.956],[-352.22,49.731],[352.22,82.941],[333.267,-26.478]],"c":true},"ix":2},"nm":"Path 1","mn":"ADBE Vector Shape - Group","hd":false},{"ty":"gf","o":{"a":0,"k":100,"ix":10},"r":1,"bm":0,"g":{"p":3,"k":{"a":0,"k":[0,0.667,0.502,0.976,0.498,0.524,0.449,0.91,0.996,0.38,0.396,0.843],"ix":9}},"s":{"a":0,"k":[17.444,576.431],"ix":5},"e":{"a":0,"k":[-13.119,-309.917],"ix":6},"t":1,"nm":"Gradient Fill 1","mn":"ADBE Vector Graphic - G-Fill","hd":false},{"ty":"tr","p":{"a":0,"k":[1393.556,563.569],"ix":2},"a":{"a":0,"k":[0,0],"ix":1},"s":{"a":0,"k":[100,100],"ix":3},"r":{"a":0,"k":0,"ix":6},"o":{"a":0,"k":100,"ix":7},"sk":{"a":0,"k":0,"ix":4},"sa":{"a":0,"k":0,"ix":5},"nm":"Transform"}],"nm":"Group 1","np":2,"cix":2,"bm":0,"ix":1,"mn":"ADBE Vector Group","hd":false},{"ty":"gr","it":[{"ty":"gr","it":[{"ty":"gr","it":[{"ind":0,"ty":"sh","ix":1,"ks":{"a":0,"k":{"i":[[1.635,-0.068],[0,0],[0,2.057],[0,0],[-1.763,0.068],[0,0],[0,-1.98],[0,0]],"o":[[0,0],[-1.763,0.073],[0,0],[0,-2.057],[0,0],[1.635,-0.063],[0,0],[0,1.98]],"v":[[269.276,12.097],[-269.044,34.464],[-272.237,30.871],[-272.237,-10.036],[-269.044,-13.883],[269.276,-34.464],[272.237,-30.992],[272.237,8.388]],"c":true},"ix":2},"nm":"Path 1","mn":"ADBE Vector Shape - Group","hd":false},{"ty":"fl","c":{"a":0,"k":[0.847058832645,0.870588243008,0.909803926945,1],"ix":4},"o":{"a":0,"k":100,"ix":5},"r":1,"bm":0,"nm":"Fill 1","mn":"ADBE Vector Graphic - Fill","hd":false},{"ty":"tr","p":{"a":0,"k":[1720.519,2202.444],"ix":2},"a":{"a":0,"k":[0,0],"ix":1},"s":{"a":0,"k":[100,100],"ix":3},"r":{"a":0,"k":0,"ix":6},"o":{"a":0,"k":100,"ix":7},"sk":{"a":0,"k":0,"ix":4},"sa":{"a":0,"k":0,"ix":5},"nm":"Transform"}],"nm":"Group 1","np":2,"cix":2,"bm":0,"ix":1,"mn":"ADBE Vector Group","hd":false},{"ty":"gr","it":[{"ind":0,"ty":"sh","ix":1,"ks":{"a":0,"k":{"i":[[1.635,-0.057],[0,0],[0,2.057],[0,0],[-1.763,0.056],[0,0],[0,-1.98],[0,0]],"o":[[0,0],[-1.763,0.061],[0,0],[0,-2.057],[0,0],[1.635,-0.051],[0,0],[0,1.98]],"v":[[269.276,13.926],[-269.044,32.635],[-272.237,29.021],[-272.237,-11.886],[-269.044,-15.711],[269.276,-32.636],[272.237,-29.143],[272.237,10.237]],"c":true},"ix":2},"nm":"Path 1","mn":"ADBE Vector Shape - Group","hd":false},{"ty":"fl","c":{"a":0,"k":[0.847058832645,0.870588243008,0.909803926945,1],"ix":4},"o":{"a":0,"k":100,"ix":5},"r":1,"bm":0,"nm":"Fill 1","mn":"ADBE Vector Graphic - Fill","hd":false},{"ty":"tr","p":{"a":0,"k":[1720.519,2105.196],"ix":2},"a":{"a":0,"k":[0,0],"ix":1},"s":{"a":0,"k":[100,100],"ix":3},"r":{"a":0,"k":0,"ix":6},"o":{"a":0,"k":100,"ix":7},"sk":{"a":0,"k":0,"ix":4},"sa":{"a":0,"k":0,"ix":5},"nm":"Transform"}],"nm":"Group 2","np":2,"cix":2,"bm":0,"ix":2,"mn":"ADBE Vector Group","hd":false},{"ty":"gr","it":[{"ind":0,"ty":"sh","ix":1,"ks":{"a":0,"k":{"i":[[1.635,-0.045],[0,0],[0,2.057],[0,0],[-1.763,0.043],[0,0],[0,-1.98],[0,0]],"o":[[0,0],[-1.763,0.049],[0,0],[0,-2.057],[0,0],[1.635,-0.04],[0,0],[0,1.98]],"v":[[269.276,15.755],[-269.044,30.807],[-272.237,27.171],[-272.237,-13.736],[-269.044,-17.54],[269.276,-30.807],[272.237,-27.294],[272.237,12.086]],"c":true},"ix":2},"nm":"Path 1","mn":"ADBE Vector Shape - Group","hd":false},{"ty":"fl","c":{"a":0,"k":[0.847058832645,0.870588243008,0.909803926945,1],"ix":4},"o":{"a":0,"k":100,"ix":5},"r":1,"bm":0,"nm":"Fill 1","mn":"ADBE Vector Graphic - Fill","hd":false},{"ty":"tr","p":{"a":0,"k":[1720.519,2007.948],"ix":2},"a":{"a":0,"k":[0,0],"ix":1},"s":{"a":0,"k":[100,100],"ix":3},"r":{"a":0,"k":0,"ix":6},"o":{"a":0,"k":100,"ix":7},"sk":{"a":0,"k":0,"ix":4},"sa":{"a":0,"k":0,"ix":5},"nm":"Transform"}],"nm":"Group 3","np":2,"cix":2,"bm":0,"ix":3,"mn":"ADBE Vector Group","hd":false},{"ty":"gr","it":[{"ind":0,"ty":"sh","ix":1,"ks":{"a":0,"k":{"i":[[1.664,-0.035],[0,0],[0,2.057],[0,0],[-1.763,0.031],[0,0],[0,-1.998],[0,0]],"o":[[0,0],[-1.763,0.037],[0,0],[0,-2.058],[0,0],[1.664,-0.029],[0,0],[0,1.998]],"v":[[207.729,19.09],[-207.548,27.88],[-210.741,24.223],[-210.741,-16.684],[-207.548,-20.466],[207.729,-27.88],[210.741,-24.317],[210.741,15.408]],"c":true},"ix":2},"nm":"Path 1","mn":"ADBE Vector Shape - Group","hd":false},{"ty":"fl","c":{"a":0,"k":[0.847058832645,0.870588243008,0.909803926945,1],"ix":4},"o":{"a":0,"k":100,"ix":5},"r":1,"bm":0,"nm":"Fill 1","mn":"ADBE Vector Graphic - Fill","hd":false},{"ty":"tr","p":{"a":0,"k":[1659.023,1911.798],"ix":2},"a":{"a":0,"k":[0,0],"ix":1},"s":{"a":0,"k":[100,100],"ix":3},"r":{"a":0,"k":0,"ix":6},"o":{"a":0,"k":100,"ix":7},"sk":{"a":0,"k":0,"ix":4},"sa":{"a":0,"k":0,"ix":5},"nm":"Transform"}],"nm":"Group 4","np":2,"cix":2,"bm":0,"ix":4,"mn":"ADBE Vector Group","hd":false},{"ty":"tr","p":{"a":0,"k":[1659.023,1911.798],"ix":2},"a":{"a":0,"k":[1659.023,1911.798],"ix":1},"s":{"a":0,"k":[100,100],"ix":3},"r":{"a":0,"k":0,"ix":6},"o":{"a":0,"k":100,"ix":7},"sk":{"a":0,"k":0,"ix":4},"sa":{"a":0,"k":0,"ix":5},"nm":"Transform"}],"nm":"Group 1","np":4,"cix":2,"bm":0,"ix":1,"mn":"ADBE Vector Group","hd":false},{"ty":"gr","it":[{"ty":"gr","it":[{"ind":0,"ty":"sh","ix":1,"ks":{"a":0,"k":{"i":[[1.804,-0.075],[0,0],[0,2.151],[0,0],[-1.926,0.073],[0,0],[0,-2.08],[0,0]],"o":[[0,0],[-1.926,0.08],[0,0],[0,-2.15],[0,0],[1.804,-0.069],[0,0],[0,2.08]],"v":[[244.711,14.29],[-244.489,34.615],[-247.976,30.867],[-247.976,-11.886],[-244.489,-15.912],[244.711,-34.616],[247.976,-30.974],[247.976,10.388]],"c":true},"ix":2},"nm":"Path 1","mn":"ADBE Vector Shape - Group","hd":false},{"ty":"fl","c":{"a":0,"k":[0.847058832645,0.870588243008,0.909803926945,1],"ix":4},"o":{"a":0,"k":100,"ix":5},"r":1,"bm":0,"nm":"Fill 1","mn":"ADBE Vector Graphic - Fill","hd":false},{"ty":"tr","p":{"a":0,"k":[1037.936,2229.632],"ix":2},"a":{"a":0,"k":[0,0],"ix":1},"s":{"a":0,"k":[100,100],"ix":3},"r":{"a":0,"k":0,"ix":6},"o":{"a":0,"k":100,"ix":7},"sk":{"a":0,"k":0,"ix":4},"sa":{"a":0,"k":0,"ix":5},"nm":"Transform"}],"nm":"Group 1","np":2,"cix":2,"bm":0,"ix":1,"mn":"ADBE Vector Group","hd":false},{"ty":"gr","it":[{"ind":0,"ty":"sh","ix":1,"ks":{"a":0,"k":{"i":[[1.804,-0.063],[0,0],[0,2.15],[0,0],[-1.926,0.06],[0,0],[0,-2.081],[0,0]],"o":[[0,0],[-1.926,0.067],[0,0],[0,-2.15],[0,0],[1.804,-0.056],[0,0],[0,2.081]],"v":[[244.711,15.952],[-244.489,32.954],[-247.976,29.182],[-247.976,-13.571],[-244.489,-17.574],[244.711,-32.954],[247.976,-29.29],[247.976,12.072]],"c":true},"ix":2},"nm":"Path 1","mn":"ADBE Vector Shape - Group","hd":false},{"ty":"fl","c":{"a":0,"k":[0.847058832645,0.870588243008,0.909803926945,1],"ix":4},"o":{"a":0,"k":100,"ix":5},"r":1,"bm":0,"nm":"Fill 1","mn":"ADBE Vector Graphic - Fill","hd":false},{"ty":"tr","p":{"a":0,"k":[1037.936,2127.747],"ix":2},"a":{"a":0,"k":[0,0],"ix":1},"s":{"a":0,"k":[100,100],"ix":3},"r":{"a":0,"k":0,"ix":6},"o":{"a":0,"k":100,"ix":7},"sk":{"a":0,"k":0,"ix":4},"sa":{"a":0,"k":0,"ix":5},"nm":"Transform"}],"nm":"Group 2","np":2,"cix":2,"bm":0,"ix":2,"mn":"ADBE Vector Group","hd":false},{"ty":"gr","it":[{"ind":0,"ty":"sh","ix":1,"ks":{"a":0,"k":{"i":[[1.804,-0.05],[0,0],[0,2.15],[0,0],[-1.926,0.047],[0,0],[0,-2.08],[0,0]],"o":[[0,0],[-1.926,0.053],[0,0],[0,-2.15],[0,0],[1.804,-0.044],[0,0],[0,2.08]],"v":[[244.711,17.613],[-244.489,31.292],[-247.976,27.497],[-247.976,-15.257],[-244.489,-19.236],[244.711,-31.293],[247.976,-27.607],[247.976,13.756]],"c":true},"ix":2},"nm":"Path 1","mn":"ADBE Vector Shape - Group","hd":false},{"ty":"fl","c":{"a":0,"k":[0.847058832645,0.870588243008,0.909803926945,1],"ix":4},"o":{"a":0,"k":100,"ix":5},"r":1,"bm":0,"nm":"Fill 1","mn":"ADBE Vector Graphic - Fill","hd":false},{"ty":"tr","p":{"a":0,"k":[1037.936,2025.862],"ix":2},"a":{"a":0,"k":[0,0],"ix":1},"s":{"a":0,"k":[100,100],"ix":3},"r":{"a":0,"k":0,"ix":6},"o":{"a":0,"k":100,"ix":7},"sk":{"a":0,"k":0,"ix":4},"sa":{"a":0,"k":0,"ix":5},"nm":"Transform"}],"nm":"Group 3","np":2,"cix":2,"bm":0,"ix":3,"mn":"ADBE Vector Group","hd":false},{"ty":"gr","it":[{"ind":0,"ty":"sh","ix":1,"ks":{"a":0,"k":{"i":[[1.853,-0.039],[0,0],[0,2.151],[0,0],[-1.926,0.035],[0,0],[0,-2.109],[0,0]],"o":[[0,0],[-1.926,0.041],[0,0],[0,-2.15],[0,0],[1.853,-0.033],[0,0],[0,2.109]],"v":[[143.924,21.742],[-143.792,27.832],[-147.28,24.012],[-147.28,-18.74],[-143.792,-22.696],[143.924,-27.833],[147.28,-24.074],[147.28,17.853]],"c":true},"ix":2},"nm":"Path 1","mn":"ADBE Vector Shape - Group","hd":false},{"ty":"fl","c":{"a":0,"k":[0.847058832645,0.870588243008,0.909803926945,1],"ix":4},"o":{"a":0,"k":100,"ix":5},"r":1,"bm":0,"nm":"Fill 1","mn":"ADBE Vector Graphic - Fill","hd":false},{"ty":"tr","p":{"a":0,"k":[937.239,1925.775],"ix":2},"a":{"a":0,"k":[0,0],"ix":1},"s":{"a":0,"k":[100,100],"ix":3},"r":{"a":0,"k":0,"ix":6},"o":{"a":0,"k":100,"ix":7},"sk":{"a":0,"k":0,"ix":4},"sa":{"a":0,"k":0,"ix":5},"nm":"Transform"}],"nm":"Group 4","np":2,"cix":2,"bm":0,"ix":4,"mn":"ADBE Vector Group","hd":false},{"ty":"tr","p":{"a":0,"k":[937.239,1925.775],"ix":2},"a":{"a":0,"k":[937.239,1925.775],"ix":1},"s":{"a":0,"k":[100,100],"ix":3},"r":{"a":0,"k":0,"ix":6},"o":{"a":0,"k":100,"ix":7},"sk":{"a":0,"k":0,"ix":4},"sa":{"a":0,"k":0,"ix":5},"nm":"Transform"}],"nm":"Group 2","np":4,"cix":2,"bm":0,"ix":2,"mn":"ADBE Vector Group","hd":false},{"ty":"gr","it":[{"ty":"gr","it":[{"ind":0,"ty":"sh","ix":1,"ks":{"a":0,"k":{"i":[[0.341,-0.002],[0,-18.51],[0,0],[-16.89,0.169],[0,0],[-0.06,0.001],[0,18.195],[0,0],[15.872,0.497],[0,0]],"o":[[-16.416,0.093],[0,0],[0,18.895],[0,0],[0.06,-0.001],[15.789,-0.268],[0,0],[0,-18.264],[0,0],[-0.344,-0.01]],"v":[[-224.98,-314.367],[-254.564,-281.099],[-254.564,280.46],[-223.954,314.366],[225.85,309.866],[226.028,309.863],[254.564,276.508],[254.564,-266.307],[225.85,-300.276],[-223.954,-314.354]],"c":true},"ix":2},"nm":"Path 1","mn":"ADBE Vector Shape - Group","hd":false},{"ind":1,"ty":"sh","ix":2,"ks":{"a":0,"k":{"i":[[-8.997,0.054],[0,0],[0,0],[0,-10.225],[0,0],[8.5,-0.141],[0,0],[0,10.557],[0,0]],"o":[[0,0],[0,0],[8.744,0.271],[0,0],[0,9.847],[0,0],[-9.459,0.092],[0,0],[0,-10.059]],"v":[[-224.98,-299.218],[-224.399,-299.21],[225.412,-285.256],[241.269,-266.22],[241.269,276.726],[225.933,294.839],[-223.87,299.217],[-241.027,280.239],[-241.027,-281.183]],"c":true},"ix":2},"nm":"Path 2","mn":"ADBE Vector Shape - Group","hd":false},{"ty":"fl","c":{"a":0,"k":[0.847058832645,0.870588243008,0.909803926945,1],"ix":4},"o":{"a":0,"k":100,"ix":5},"r":1,"bm":0,"nm":"Fill 1","mn":"ADBE Vector Graphic - Fill","hd":false},{"ty":"tr","p":{"a":0,"k":[1037.28,1358.315],"ix":2},"a":{"a":0,"k":[0,0],"ix":1},"s":{"a":0,"k":[100,100],"ix":3},"r":{"a":0,"k":0,"ix":6},"o":{"a":0,"k":100,"ix":7},"sk":{"a":0,"k":0,"ix":4},"sa":{"a":0,"k":0,"ix":5},"nm":"Transform"}],"nm":"Group 1","np":3,"cix":2,"bm":0,"ix":1,"mn":"ADBE Vector Group","hd":false},{"ty":"gr","it":[{"ind":0,"ty":"sh","ix":1,"ks":{"a":0,"k":{"i":[[15.872,-0.159],[0,0],[0,18.895],[0,0],[-16.89,-0.529],[0,0],[0,-18.264],[0,0]],"o":[[0,0],[-16.89,0.169],[0,0],[0,-18.895],[0,0],[15.872,0.497],[0,0],[0,18.264]],"v":[[225.85,309.866],[-223.954,314.366],[-254.564,280.46],[-254.564,-281.099],[-223.954,-314.354],[225.85,-300.276],[254.564,-266.307],[254.564,276.508]],"c":true},"ix":2},"nm":"Path 1","mn":"ADBE Vector Shape - Group","hd":false},{"ty":"fl","c":{"a":0,"k":[0.847058832645,0.870588243008,0.909803926945,1],"ix":4},"o":{"a":0,"k":100,"ix":5},"r":1,"bm":0,"nm":"Fill 1","mn":"ADBE Vector Graphic - Fill","hd":false},{"ty":"tr","p":{"a":0,"k":[1037.28,1358.315],"ix":2},"a":{"a":0,"k":[0,0],"ix":1},"s":{"a":0,"k":[100,100],"ix":3},"r":{"a":0,"k":0,"ix":6},"o":{"a":0,"k":100,"ix":7},"sk":{"a":0,"k":0,"ix":4},"sa":{"a":0,"k":0,"ix":5},"nm":"Transform"}],"nm":"Group 2","np":2,"cix":2,"bm":0,"ix":2,"mn":"ADBE Vector Group","hd":false},{"ty":"tr","p":{"a":0,"k":[1037.28,1358.315],"ix":2},"a":{"a":0,"k":[1037.28,1358.315],"ix":1},"s":{"a":0,"k":[100,100],"ix":3},"r":{"a":0,"k":0,"ix":6},"o":{"a":0,"k":100,"ix":7},"sk":{"a":0,"k":0,"ix":4},"sa":{"a":0,"k":0,"ix":5},"nm":"Transform"}],"nm":"Group 3","np":2,"cix":2,"bm":0,"ix":3,"mn":"ADBE Vector Group","hd":false},{"ty":"gr","it":[{"ty":"gr","it":[{"ind":0,"ty":"sh","ix":1,"ks":{"a":0,"k":{"i":[[0,0],[3.959,-0.038],[0,0],[0,4.985],[0,0],[-4.271,0.027],[0,0],[0,-4.796]],"o":[[0,4.797],[0,0],[-4.271,0.041],[0,0],[0,-4.985],[0,0],[3.959,-0.025],[0,0]],"v":[[275.821,11.815],[268.653,20.569],[-268.086,25.773],[-275.821,16.822],[-275.821,-13.265],[-268.086,-22.34],[268.653,-25.773],[275.821,-17.134]],"c":true},"ix":2},"nm":"Path 1","mn":"ADBE Vector Shape - Group","hd":false},{"ty":"fl","c":{"a":0,"k":[0.847058832645,0.870588243008,0.909803926945,1],"ix":4},"o":{"a":0,"k":100,"ix":5},"r":1,"bm":0,"nm":"Fill 1","mn":"ADBE Vector Graphic - Fill","hd":false},{"ty":"tr","p":{"a":0,"k":[1724.103,1635.967],"ix":2},"a":{"a":0,"k":[0,0],"ix":1},"s":{"a":0,"k":[100,100],"ix":3},"r":{"a":0,"k":0,"ix":6},"o":{"a":0,"k":100,"ix":7},"sk":{"a":0,"k":0,"ix":4},"sa":{"a":0,"k":0,"ix":5},"nm":"Transform"}],"nm":"Group 1","np":2,"cix":2,"bm":0,"ix":1,"mn":"ADBE Vector Group","hd":false},{"ty":"gr","it":[{"ind":0,"ty":"sh","ix":1,"ks":{"a":0,"k":{"i":[[0,0],[3.959,-0.007],[0,0],[0,4.985],[0,0],[-4.271,-0.006],[0,0],[0,-4.797]],"o":[[0,4.796],[0,0],[-4.271,0.008],[0,0],[0,-4.985],[0,0],[3.959,0.006],[0,0]],"v":[[275.821,14.362],[268.653,23.06],[-268.086,24.057],[-275.821,15.046],[-275.821,-15.042],[-268.086,-24.057],[268.653,-23.282],[275.821,-14.587]],"c":true},"ix":2},"nm":"Path 1","mn":"ADBE Vector Shape - Group","hd":false},{"ty":"fl","c":{"a":0,"k":[0.847058832645,0.870588243008,0.909803926945,1],"ix":4},"o":{"a":0,"k":100,"ix":5},"r":1,"bm":0,"nm":"Fill 1","mn":"ADBE Vector Graphic - Fill","hd":false},{"ty":"tr","p":{"a":0,"k":[1724.103,1523.413],"ix":2},"a":{"a":0,"k":[0,0],"ix":1},"s":{"a":0,"k":[100,100],"ix":3},"r":{"a":0,"k":0,"ix":6},"o":{"a":0,"k":100,"ix":7},"sk":{"a":0,"k":0,"ix":4},"sa":{"a":0,"k":0,"ix":5},"nm":"Transform"}],"nm":"Group 2","np":2,"cix":2,"bm":0,"ix":2,"mn":"ADBE Vector Group","hd":false},{"ty":"gr","it":[{"ind":0,"ty":"sh","ix":1,"ks":{"a":0,"k":{"i":[[0,0],[3.959,0.024],[0,0],[0,4.985],[0,0],[-4.271,-0.04],[0,0],[0,-4.797]],"o":[[0,4.797],[0,0],[-4.271,-0.026],[0,0],[0,-4.985],[0,0],[3.959,0.036],[0,0]],"v":[[275.821,17.02],[268.653,25.662],[-268.086,22.452],[-275.821,13.38],[-275.821,-16.707],[-268.086,-25.662],[268.653,-20.68],[275.821,-11.929]],"c":true},"ix":2},"nm":"Path 1","mn":"ADBE Vector Shape - Group","hd":false},{"ty":"fl","c":{"a":0,"k":[0.847058832645,0.870588243008,0.909803926945,1],"ix":4},"o":{"a":0,"k":100,"ix":5},"r":1,"bm":0,"nm":"Fill 1","mn":"ADBE Vector Graphic - Fill","hd":false},{"ty":"tr","p":{"a":0,"k":[1724.103,1410.747],"ix":2},"a":{"a":0,"k":[0,0],"ix":1},"s":{"a":0,"k":[100,100],"ix":3},"r":{"a":0,"k":0,"ix":6},"o":{"a":0,"k":100,"ix":7},"sk":{"a":0,"k":0,"ix":4},"sa":{"a":0,"k":0,"ix":5},"nm":"Transform"}],"nm":"Group 3","np":2,"cix":2,"bm":0,"ix":3,"mn":"ADBE Vector Group","hd":false},{"ty":"gr","it":[{"ind":0,"ty":"sh","ix":1,"ks":{"a":0,"k":{"i":[[0,0],[3.959,0.055],[0,0],[0,4.986],[0,0],[-4.271,-0.073],[0,0],[0,-4.796]],"o":[[0,4.797],[0,0],[-4.271,-0.059],[0,0],[0,-4.985],[0,0],[3.959,0.067],[0,0]],"v":[[275.821,19.18],[268.653,27.765],[-268.086,20.349],[-275.821,11.216],[-275.821,-18.871],[-268.086,-27.765],[268.653,-18.577],[275.821,-9.77]],"c":true},"ix":2},"nm":"Path 1","mn":"ADBE Vector Shape - Group","hd":false},{"ty":"fl","c":{"a":0,"k":[0.847058832645,0.870588243008,0.909803926945,1],"ix":4},"o":{"a":0,"k":100,"ix":5},"r":1,"bm":0,"nm":"Fill 1","mn":"ADBE Vector Graphic - Fill","hd":false},{"ty":"tr","p":{"a":0,"k":[1724.103,1298.58],"ix":2},"a":{"a":0,"k":[0,0],"ix":1},"s":{"a":0,"k":[100,100],"ix":3},"r":{"a":0,"k":0,"ix":6},"o":{"a":0,"k":100,"ix":7},"sk":{"a":0,"k":0,"ix":4},"sa":{"a":0,"k":0,"ix":5},"nm":"Transform"}],"nm":"Group 4","np":2,"cix":2,"bm":0,"ix":4,"mn":"ADBE Vector Group","hd":false},{"ty":"gr","it":[{"ind":0,"ty":"sh","ix":1,"ks":{"a":0,"k":{"i":[[0,0],[3.959,0.089],[0,0],[0,4.985],[0,0],[-4.271,-0.133],[0,0],[0,-4.796]],"o":[[0,4.796],[0,0],[-4.271,-0.096],[0,0],[0,-4.986],[0,0],[3.959,0.123],[0,0]],"v":[[275.821,60.632],[268.653,69.156],[-268.086,57.145],[-275.821,47.946],[-275.821,-60.367],[-268.086,-69.154],[268.653,-52.494],[275.821,-43.587]],"c":true},"ix":2},"nm":"Path 1","mn":"ADBE Vector Shape - Group","hd":false},{"ty":"fl","c":{"a":0,"k":[0.847058832645,0.870588243008,0.909803926945,1],"ix":4},"o":{"a":0,"k":100,"ix":5},"r":1,"bm":0,"nm":"Fill 1","mn":"ADBE Vector Graphic - Fill","hd":false},{"ty":"tr","p":{"a":0,"k":[1724.103,1136.989],"ix":2},"a":{"a":0,"k":[0,0],"ix":1},"s":{"a":0,"k":[100,100],"ix":3},"r":{"a":0,"k":0,"ix":6},"o":{"a":0,"k":100,"ix":7},"sk":{"a":0,"k":0,"ix":4},"sa":{"a":0,"k":0,"ix":5},"nm":"Transform"}],"nm":"Group 5","np":2,"cix":2,"bm":0,"ix":5,"mn":"ADBE Vector Group","hd":false},{"ty":"tr","p":{"a":0,"k":[1724.103,1136.989],"ix":2},"a":{"a":0,"k":[1724.103,1136.989],"ix":1},"s":{"a":0,"k":[100,100],"ix":3},"r":{"a":0,"k":0,"ix":6},"o":{"a":0,"k":100,"ix":7},"sk":{"a":0,"k":0,"ix":4},"sa":{"a":0,"k":0,"ix":5},"nm":"Transform"}],"nm":"Group 4","np":5,"cix":2,"bm":0,"ix":4,"mn":"ADBE Vector Group","hd":false},{"ty":"gr","it":[{"ind":0,"ty":"sh","ix":1,"ks":{"a":0,"k":{"i":[[0,0],[0,0],[0,0],[0,0]],"o":[[0,0],[0,0],[0,0],[0,0]],"v":[[324.994,77.979],[-324.994,51.73],[-324.994,-77.979],[324.994,-46.099]],"c":true},"ix":2},"nm":"Path 1","mn":"ADBE Vector Shape - Group","hd":false},{"ty":"fl","c":{"a":0,"k":[0.847058832645,0.870588243008,0.909803926945,1],"ix":4},"o":{"a":0,"k":100,"ix":5},"r":1,"bm":0,"nm":"Fill 1","mn":"ADBE Vector Graphic - Fill","hd":false},{"ty":"tr","p":{"a":0,"k":[1387.347,811.601],"ix":2},"a":{"a":0,"k":[0,0],"ix":1},"s":{"a":0,"k":[100,100],"ix":3},"r":{"a":0,"k":0,"ix":6},"o":{"a":0,"k":100,"ix":7},"sk":{"a":0,"k":0,"ix":4},"sa":{"a":0,"k":0,"ix":5},"nm":"Transform"}],"nm":"Group 5","np":2,"cix":2,"bm":0,"ix":5,"mn":"ADBE Vector Group","hd":false},{"ty":"tr","p":{"a":0,"k":[1387.347,811.601],"ix":2},"a":{"a":0,"k":[1387.347,811.601],"ix":1},"s":{"a":0,"k":[100,100],"ix":3},"r":{"a":0,"k":0,"ix":6},"o":{"a":0,"k":100,"ix":7},"sk":{"a":0,"k":0,"ix":4},"sa":{"a":0,"k":0,"ix":5},"nm":"Transform"}],"nm":"Group 2","np":5,"cix":2,"bm":0,"ix":2,"mn":"ADBE Vector Group","hd":false},{"ty":"gr","it":[{"ind":0,"ty":"sh","ix":1,"ks":{"a":0,"k":{"i":[[9.271,0.588],[-1.457,9.627],[-9.278,-0.605],[1.454,-9.611]],"o":[[-9.28,-0.588],[1.457,-9.628],[9.269,0.604],[-1.455,9.61]],"v":[[54.583,-133.676],[40.411,-152.173],[59.854,-168.509],[73.997,-150.013]],"c":true},"ix":2},"nm":"Path 1","mn":"ADBE Vector Shape - Group","hd":false},{"ind":1,"ty":"sh","ix":2,"ks":{"a":0,"k":{"i":[[0,0],[11.686,0.628],[0,0],[-1.548,34.221],[0,0],[14.056,0.874],[0,0],[-2.8,18.495],[31.577,2.113],[4.98,-32.91],[7.07,-5.934],[8.666,0.538],[0,0],[3.819,-14.669],[0,0],[33.981,1.825],[0,0],[5.861,-11.759],[0,0],[0,0]],"o":[[-2.044,-11.802],[0,0],[-32.65,-1.754],[0,0],[0.663,-14.653],[0,0],[-17.743,-1.102],[4.952,-32.72],[-31.678,-2.119],[-1.352,8.935],[-7.074,5.938],[0,0],[-14.402,-0.895],[0,0],[-8.94,34.337],[0,0],[-12.403,-0.666],[0,0],[0,0],[0,0]],"v":[[333.267,92.549],[310.328,71.774],[238.084,67.893],[183.371,4.697],[186.956,-74.566],[163.44,-101.844],[140.117,-103.293],[113.034,-138.777],[64.898,-201.842],[-1.552,-146.095],[-14.703,-122.873],[-39.283,-114.442],[-63.089,-115.921],[-95.114,-91.724],[-115.796,-12.29],[-191.126,44.838],[-267.139,40.755],[-297.667,59.29],[-352.22,168.757],[352.22,201.968]],"c":true},"ix":2},"nm":"Path 2","mn":"ADBE Vector Shape - Group","hd":false},{"ty":"gf","o":{"a":0,"k":100,"ix":10},"r":1,"bm":0,"g":{"p":3,"k":{"a":0,"k":[0,0.667,0.502,0.976,0.498,0.524,0.449,0.91,0.996,0.38,0.396,0.843],"ix":9}},"s":{"a":0,"k":[-181.556,-202.542],"ix":5},"e":{"a":0,"k":[129.639,397.618],"ix":6},"t":1,"nm":"Gradient Fill 1","mn":"ADBE Vector Graphic - G-Fill","hd":false},{"ty":"tr","p":{"a":0,"k":[1393.556,444.542],"ix":2},"a":{"a":0,"k":[0,0],"ix":1},"s":{"a":0,"k":[100,100],"ix":3},"r":{"a":0,"k":0,"ix":6},"o":{"a":0,"k":100,"ix":7},"sk":{"a":0,"k":0,"ix":4},"sa":{"a":0,"k":0,"ix":5},"nm":"Transform"}],"nm":"Group 3","np":3,"cix":2,"bm":0,"ix":3,"mn":"ADBE Vector Group","hd":false},{"ty":"gr","it":[{"ind":0,"ty":"sh","ix":1,"ks":{"a":0,"k":{"i":[[9.272,0.588],[-1.457,9.628],[-9.278,-0.605],[1.454,-9.611]],"o":[[-9.28,-0.588],[1.457,-9.627],[9.269,0.605],[-1.455,9.611]],"v":[[54.582,-133.676],[40.411,-152.173],[59.854,-168.509],[73.997,-150.013]],"c":true},"ix":2},"nm":"Path 1","mn":"ADBE Vector Shape - Group","hd":false},{"ind":1,"ty":"sh","ix":2,"ks":{"a":0,"k":{"i":[[0,0],[11.686,0.628],[0,0],[-1.548,34.22],[0,0],[14.056,0.874],[0,0],[-2.8,18.496],[31.576,2.113],[4.98,-32.911],[7.07,-5.934],[8.665,0.538],[0,0],[3.82,-14.67],[0,0],[33.982,1.826],[0,0],[5.86,-11.759],[0,0],[0,0],[0,0]],"o":[[-2.045,-11.802],[0,0],[-32.649,-1.754],[0,0],[0.662,-14.653],[0,0],[-17.743,-1.103],[4.951,-32.72],[-31.678,-2.119],[-1.352,8.935],[-7.075,5.938],[0,0],[-14.402,-0.895],[0,0],[-8.94,34.336],[0,0],[-12.403,-0.667],[0,0],[0,0],[0,0],[0,0]],"v":[[333.267,92.549],[310.329,71.774],[238.084,67.894],[183.371,4.698],[186.956,-74.566],[163.44,-101.844],[140.118,-103.293],[113.034,-138.777],[64.898,-201.842],[-1.552,-146.095],[-14.702,-122.873],[-39.282,-114.442],[-63.089,-115.921],[-95.114,-91.724],[-115.795,-12.29],[-191.127,44.838],[-267.139,40.756],[-297.667,59.291],[-352.221,168.758],[-347.531,174.748],[352.221,201.968]],"c":true},"ix":2},"nm":"Path 2","mn":"ADBE Vector Shape - Group","hd":false},{"ty":"fl","c":{"a":0,"k":[0.9450980392156862,0.12549019607843137,0.12549019607843137,1],"ix":4},"o":{"a":0,"k":100,"ix":5},"r":1,"bm":0,"nm":"Fill 1","mn":"ADBE Vector Graphic - Fill","hd":false},{"ty":"tr","p":{"a":0,"k":[1388.867,438.551],"ix":2},"a":{"a":0,"k":[0,0],"ix":1},"s":{"a":0,"k":[100,100],"ix":3},"r":{"a":0,"k":0,"ix":6},"o":{"a":0,"k":100,"ix":7},"sk":{"a":0,"k":0,"ix":4},"sa":{"a":0,"k":0,"ix":5},"nm":"Transform"}],"nm":"Group 4","np":3,"cix":2,"bm":0,"ix":4,"mn":"ADBE Vector Group","hd":false},{"ty":"gr","it":[{"ind":0,"ty":"sh","ix":1,"ks":{"a":0,"k":{"i":[[0,0],[21.189,-0.992],[0,0],[0,24.193],[0,0],[-24.368,-1.228],[0,0],[0,-22.493]],"o":[[0,22.493],[0,0],[-24.368,1.141],[0,0],[0,-24.193],[0,0],[21.189,1.067],[0,0]],"v":[[727.637,897.594],[689.304,940.115],[-683.473,1004.366],[-727.637,962.628],[-727.637,-962.779],[-683.473,-1004.358],[689.304,-935.197],[727.637,-892.539]],"c":true},"ix":2},"nm":"Path 1","mn":"ADBE Vector Shape - Group","hd":false},{"ty":"fl","c":{"a":0,"k":[1,1,1,1],"ix":4},"o":{"a":0,"k":100,"ix":5},"r":1,"bm":0,"nm":"Fill 1","mn":"ADBE Vector Graphic - Fill","hd":false},{"ty":"tr","p":{"a":0,"k":[1370.854,1527.531],"ix":2},"a":{"a":0,"k":[0,0],"ix":1},"s":{"a":0,"k":[100,100],"ix":3},"r":{"a":0,"k":0,"ix":6},"o":{"a":0,"k":100,"ix":7},"sk":{"a":0,"k":0,"ix":4},"sa":{"a":0,"k":0,"ix":5},"nm":"Transform"}],"nm":"Group 5","np":2,"cix":2,"bm":0,"ix":5,"mn":"ADBE Vector Group","hd":false},{"ty":"gr","it":[{"ind":0,"ty":"sh","ix":1,"ks":{"a":0,"k":{"i":[[47.259,-63.012],[-64.601,-37.683],[-134.585,91.518],[28.346,103.967],[0,0]],"o":[[-37.684,48.451],[139.968,86.134],[99.054,-69.338],[0,0],[-25.657,71.714]],"v":[[-256.731,-27.625],[-235.197,150.028],[222.391,117.728],[250.915,-184.129],[-47.265,-202.32]],"c":true},"ix":2},"nm":"Path 1","mn":"ADBE Vector Shape - Group","hd":false},{"ty":"gf","o":{"a":0,"k":100,"ix":10},"r":1,"bm":0,"g":{"p":3,"k":{"a":0,"k":[0,1,0.769,0.267,0.498,0.976,0.602,0.302,0.996,0.953,0.435,0.337],"ix":9}},"s":{"a":0,"k":[-189.594,-412.881],"ix":5},"e":{"a":0,"k":[227.965,467.791],"ix":6},"t":1,"nm":"Gradient Fill 1","mn":"ADBE Vector Graphic - G-Fill","hd":false},{"ty":"tr","p":{"a":0,"k":[1260.594,537.881],"ix":2},"a":{"a":0,"k":[0,0],"ix":1},"s":{"a":0,"k":[100,100],"ix":3},"r":{"a":0,"k":0,"ix":6},"o":{"a":0,"k":100,"ix":7},"sk":{"a":0,"k":0,"ix":4},"sa":{"a":0,"k":0,"ix":5},"nm":"Transform"}],"nm":"Group 6","np":2,"cix":2,"bm":0,"ix":6,"mn":"ADBE Vector Group","hd":false},{"ty":"gr","it":[{"ind":0,"ty":"sh","ix":1,"ks":{"a":0,"k":{"i":[[0,0],[23.854,-1.239],[0,0],[0,27.538],[0,0],[-27.836,-1.698],[0,0],[0,-25.406]],"o":[[0,25.406],[0,0],[-27.836,1.446],[0,0],[0,-27.537],[0,0],[23.854,1.455],[0,0]],"v":[[804.861,1044.701],[761.712,1092.943],[-754.405,1171.697],[-804.861,1124.458],[-804.861,-1124.889],[-754.405,-1171.671],[761.712,-1079.172],[804.861,-1030.539]],"c":true},"ix":2},"nm":"Path 1","mn":"ADBE Vector Shape - Group","hd":false},{"ty":"gf","o":{"a":0,"k":100,"ix":10},"r":1,"bm":0,"g":{"p":3,"k":{"a":0,"k":[0,1,0.769,0.267,0.498,0.976,0.602,0.302,0.996,0.953,0.435,0.337],"ix":9}},"s":{"a":0,"k":[-573.942,-1163.454],"ix":5},"e":{"a":0,"k":[2176.797,4638.104],"ix":6},"t":1,"nm":"Gradient Fill 1","mn":"ADBE Vector Graphic - G-Fill","hd":false},{"ty":"tr","p":{"a":0,"k":[1364.942,1470.454],"ix":2},"a":{"a":0,"k":[0,0],"ix":1},"s":{"a":0,"k":[100,100],"ix":3},"r":{"a":0,"k":0,"ix":6},"o":{"a":0,"k":100,"ix":7},"sk":{"a":0,"k":0,"ix":4},"sa":{"a":0,"k":0,"ix":5},"nm":"Transform"}],"nm":"Group 7","np":2,"cix":2,"bm":0,"ix":7,"mn":"ADBE Vector Group","hd":false},{"ty":"gr","it":[{"ind":0,"ty":"sh","ix":1,"ks":{"a":0,"k":{"i":[[0,0],[23.854,-1.239],[0,0],[0,27.538],[0,0],[-27.836,-1.698],[0,0],[0,0],[0,-25.406]],"o":[[0,25.406],[0,0],[-27.836,1.446],[0,0],[0,-27.537],[0,0],[0,0],[23.854,1.455],[0,0]],"v":[[804.861,1045.195],[761.713,1093.437],[-754.405,1172.192],[-804.861,1124.952],[-804.861,-1124.395],[-754.405,-1171.177],[-734.096,-1172.262],[761.713,-1078.679],[804.861,-1030.045]],"c":true},"ix":2},"nm":"Path 1","mn":"ADBE Vector Shape - Group","hd":false},{"ty":"gf","o":{"a":0,"k":100,"ix":10},"r":1,"bm":0,"g":{"p":3,"k":{"a":0,"k":[0,1,0.769,0.267,0.498,0.976,0.602,0.302,0.996,0.953,0.435,0.337],"ix":9}},"s":{"a":0,"k":[-1671.073,-3476.002],"ix":5},"e":{"a":0,"k":[1079.666,2325.556],"ix":6},"t":1,"nm":"Gradient Fill 1","mn":"ADBE Vector Graphic - G-Fill","hd":false},{"ty":"tr","p":{"a":0,"k":[1335.073,1471.002],"ix":2},"a":{"a":0,"k":[0,0],"ix":1},"s":{"a":0,"k":[100,100],"ix":3},"r":{"a":0,"k":0,"ix":6},"o":{"a":0,"k":100,"ix":7},"sk":{"a":0,"k":0,"ix":4},"sa":{"a":0,"k":0,"ix":5},"nm":"Transform"}],"nm":"Group 8","np":2,"cix":2,"bm":0,"ix":8,"mn":"ADBE Vector Group","hd":false}],"ip":0,"op":144,"st":0,"bm":0},{"ddd":0,"ind":12,"ty":4,"nm":"BG","sr":1,"ks":{"o":{"a":0,"k":100,"ix":11},"r":{"a":0,"k":0,"ix":10},"p":{"a":0,"k":[1704.674,1828.91,0],"ix":2},"a":{"a":0,"k":[0,0,0],"ix":1},"s":{"a":0,"k":[100,100,100],"ix":6}},"ao":0,"shapes":[{"ty":"gr","it":[{"ind":0,"ty":"sh","ix":1,"ks":{"a":0,"k":{"i":[[-357.447,-497.406],[0.903,244.344],[105.275,238.495],[100.247,373.044],[795.71,-730.546]],"o":[[653.044,908.743],[-0.367,-99.739],[-168.686,-382.151],[-127.008,-472.624],[-511.398,469.517]],"v":[[-1232.386,894.606],[1429.34,767.598],[988.44,446.448],[1415.731,-725.385],[-932.236,-943.786]],"c":true},"ix":2},"nm":"Path 1","mn":"ADBE Vector Shape - Group","hd":false},{"ty":"fl","c":{"a":0,"k":[0.956862747669,0.96862745285,0.980392158031,1],"ix":4},"o":{"a":0,"k":100,"ix":5},"r":1,"bm":0,"nm":"Fill 1","mn":"ADBE Vector Graphic - Fill","hd":false},{"ty":"tr","p":{"a":0,"k":[0,0],"ix":2},"a":{"a":0,"k":[0,0],"ix":1},"s":{"a":0,"k":[100,100],"ix":3},"r":{"a":0,"k":0,"ix":6},"o":{"a":0,"k":100,"ix":7},"sk":{"a":0,"k":0,"ix":4},"sa":{"a":0,"k":0,"ix":5},"nm":"Transform"}],"nm":"BG","np":2,"cix":2,"bm":0,"ix":1,"mn":"ADBE Vector Group","hd":false}],"ip":0,"op":144,"st":0,"bm":0}],"markers":[]}