{"v":"5.9.6","fr":30,"ip":0,"op":62,"w":1080,"h":1080,"nm":"wolverine","ddd":0,"assets":[{"id":"comp_0","nm":"sheriff","fr":30,"layers":[{"ddd":0,"ind":1,"ty":4,"nm":"right hand hair Outlines","parent":2,"sr":1,"ks":{"o":{"a":0,"k":100,"ix":11},"r":{"a":0,"k":0,"ix":10},"p":{"a":0,"k":[65.641,106.301,0],"ix":2,"l":2},"a":{"a":0,"k":[17.312,6.795,0],"ix":1,"l":2},"s":{"a":0,"k":[100,100,100],"ix":6,"l":2}},"ao":0,"shapes":[{"ty":"gr","it":[{"ind":0,"ty":"sh","ix":1,"ks":{"a":0,"k":{"i":[[0,0],[-5.182,7.663]],"o":[[6.506,2.675],[0,0]],"v":[[-14.812,-4.295],[14.812,-3.368]],"c":false},"ix":2},"nm":"Path 1","mn":"ADBE Vector Shape - Group","hd":false},{"ty":"st","c":{"a":0,"k":[0.866666726505,0.647058823529,0.556862745098,1],"ix":3},"o":{"a":0,"k":100,"ix":4},"w":{"a":0,"k":1,"ix":5},"lc":1,"lj":1,"ml":10,"bm":0,"nm":"Stroke 1","mn":"ADBE Vector Graphic - Stroke","hd":false},{"ty":"tr","p":{"a":0,"k":[17.312,6.795],"ix":2},"a":{"a":0,"k":[0,0],"ix":1},"s":{"a":0,"k":[100,100],"ix":3},"r":{"a":0,"k":0,"ix":6},"o":{"a":0,"k":100,"ix":7},"sk":{"a":0,"k":0,"ix":4},"sa":{"a":0,"k":0,"ix":5},"nm":"Transform"}],"nm":"Group 1","np":2,"cix":2,"bm":0,"ix":1,"mn":"ADBE Vector Group","hd":false},{"ty":"gr","it":[{"ind":0,"ty":"sh","ix":1,"ks":{"a":0,"k":{"i":[[0,0],[-5.182,7.663]],"o":[[6.506,2.675],[0,0]],"v":[[-14.812,-4.295],[14.812,-3.368]],"c":false},"ix":2},"nm":"Path 1","mn":"ADBE Vector Shape - Group","hd":false},{"ty":"fl","c":{"a":0,"k":[0.866666726505,0.647058823529,0.556862745098,1],"ix":4},"o":{"a":0,"k":100,"ix":5},"r":1,"bm":0,"nm":"Fill 1","mn":"ADBE Vector Graphic - Fill","hd":false},{"ty":"tr","p":{"a":0,"k":[17.312,6.795],"ix":2},"a":{"a":0,"k":[0,0],"ix":1},"s":{"a":0,"k":[100,100],"ix":3},"r":{"a":0,"k":0,"ix":6},"o":{"a":0,"k":100,"ix":7},"sk":{"a":0,"k":0,"ix":4},"sa":{"a":0,"k":0,"ix":5},"nm":"Transform"}],"nm":"Group 2","np":2,"cix":2,"bm":0,"ix":2,"mn":"ADBE Vector Group","hd":false}],"ip":0,"op":150,"st":0,"ct":1,"bm":0},{"ddd":0,"ind":2,"ty":4,"nm":"head","parent":6,"sr":1,"ks":{"o":{"a":0,"k":100,"ix":11},"r":{"a":1,"k":[{"i":{"x":[0.667],"y":[1]},"o":{"x":[0.333],"y":[0]},"t":0,"s":[0]},{"i":{"x":[0.667],"y":[1]},"o":{"x":[0.333],"y":[0]},"t":10,"s":[2]},{"i":{"x":[0.667],"y":[1]},"o":{"x":[0.333],"y":[0]},"t":16,"s":[0]},{"i":{"x":[0.667],"y":[1]},"o":{"x":[0.333],"y":[0]},"t":23,"s":[2]},{"i":{"x":[0.667],"y":[1]},"o":{"x":[0.333],"y":[0]},"t":31,"s":[0]},{"i":{"x":[0.667],"y":[1]},"o":{"x":[0.333],"y":[0]},"t":41,"s":[2]},{"i":{"x":[0.667],"y":[1]},"o":{"x":[0.333],"y":[0]},"t":47,"s":[0]},{"i":{"x":[0.667],"y":[1]},"o":{"x":[0.333],"y":[0]},"t":54,"s":[2]},{"t":62,"s":[0]}],"ix":10},"p":{"a":0,"k":[28.699,17.587,0],"ix":2,"l":2},"a":{"a":0,"k":[56.777,115.162,0],"ix":1,"l":2},"s":{"a":0,"k":[100,100,100],"ix":6,"l":2}},"ao":0,"shapes":[{"ty":"gr","it":[{"ind":0,"ty":"sh","ix":1,"ks":{"a":0,"k":{"i":[[3.029,-3.524],[-1.908,-1.897],[-0.835,0.237],[-0.2,0.937],[-0.406,0.868],[-1.56,0.33],[-1.488,0.572],[0.32,0.367],[0.171,0.035]],"o":[[-1.754,2.041],[0.616,0.612],[0.921,-0.263],[0.2,-0.937],[0.675,-1.445],[1.56,-0.329],[0.454,-0.175],[-0.114,-0.131],[-3.969,-0.802]],"v":[[-6.287,-2.916],[-6.233,4.422],[-3.892,5.251],[-2.259,3.06],[-1.649,0.262],[2.209,-2.262],[6.89,-3.197],[7.534,-4.254],[7.066,-4.462]],"c":true},"ix":2},"nm":"Path 1","mn":"ADBE Vector Shape - Group","hd":false},{"ty":"fl","c":{"a":0,"k":[1,1,1,1],"ix":4},"o":{"a":0,"k":100,"ix":5},"r":1,"bm":0,"nm":"Fill 1","mn":"ADBE Vector Graphic - Fill","hd":false},{"ty":"tr","p":{"a":0,"k":[87.183,65.842],"ix":2},"a":{"a":0,"k":[0,0],"ix":1},"s":{"a":0,"k":[100,100],"ix":3},"r":{"a":0,"k":0,"ix":6},"o":{"a":0,"k":100,"ix":7},"sk":{"a":0,"k":0,"ix":4},"sa":{"a":0,"k":0,"ix":5},"nm":"Transform"}],"nm":"Group 1","np":2,"cix":2,"bm":0,"ix":1,"mn":"ADBE Vector Group","hd":false},{"ty":"gr","it":[{"ind":0,"ty":"sh","ix":1,"ks":{"a":0,"k":{"i":[[1.242,-1.37],[-0.156,-1.793],[-1.007,-0.688],[-0.718,0.986],[-0.122,1.054],[-1.683,0.755],[-0.283,1.24],[0.623,-0.113]],"o":[[-1.209,1.334],[0.106,1.216],[1.008,0.688],[0.625,-0.858],[0.212,-1.833],[1.161,-0.521],[0.226,-0.993],[-1.788,0.325]],"v":[[-4.125,-3.051],[-5.8,1.922],[-4.183,5.073],[-0.896,4.695],[-0.314,1.613],[2.812,-2.656],[5.816,-4.742],[0.74,-5.43]],"c":true},"ix":2},"nm":"Path 1","mn":"ADBE Vector Shape - Group","hd":false},{"ty":"fl","c":{"a":0,"k":[1,1,1,1],"ix":4},"o":{"a":0,"k":100,"ix":5},"r":1,"bm":0,"nm":"Fill 1","mn":"ADBE Vector Graphic - Fill","hd":false},{"ty":"tr","p":{"a":0,"k":[38.045,67.595],"ix":2},"a":{"a":0,"k":[0,0],"ix":1},"s":{"a":0,"k":[100,100],"ix":3},"r":{"a":0,"k":0,"ix":6},"o":{"a":0,"k":100,"ix":7},"sk":{"a":0,"k":0,"ix":4},"sa":{"a":0,"k":0,"ix":5},"nm":"Transform"}],"nm":"Group 2","np":2,"cix":2,"bm":0,"ix":2,"mn":"ADBE Vector Group","hd":false},{"ty":"gr","it":[{"ind":0,"ty":"sh","ix":1,"ks":{"a":0,"k":{"i":[[8.41,-4.216],[-0.432,-1.612],[-0.671,-0.809],[-2.075,-2.503]],"o":[[-1.492,0.748],[0.271,1.016],[2.076,2.504],[-1.945,-2.346]],"v":[[-3.041,-5.092],[-4.937,-0.872],[-3.305,1.797],[2.921,9.307]],"c":true},"ix":2},"nm":"Path 1","mn":"ADBE Vector Shape - Group","hd":false},{"ty":"fl","c":{"a":0,"k":[0.866666726505,0.647058823529,0.556862745098,1],"ix":4},"o":{"a":0,"k":100,"ix":5},"r":1,"bm":0,"nm":"Fill 1","mn":"ADBE Vector Graphic - Fill","hd":false},{"ty":"tr","p":{"a":0,"k":[17.313,69.356],"ix":2},"a":{"a":0,"k":[0,0],"ix":1},"s":{"a":0,"k":[100,100],"ix":3},"r":{"a":0,"k":0,"ix":6},"o":{"a":0,"k":100,"ix":7},"sk":{"a":0,"k":0,"ix":4},"sa":{"a":0,"k":0,"ix":5},"nm":"Transform"}],"nm":"Group 3","np":2,"cix":2,"bm":0,"ix":3,"mn":"ADBE Vector Group","hd":false},{"ty":"gr","it":[{"ind":0,"ty":"sh","ix":1,"ks":{"a":0,"k":{"i":[[-3.323,-0.532],[-0.9,-0.841],[1.009,-0.707],[3.257,-0.216],[2.907,-1.483],[0.799,0.484],[0.02,0.81],[-0.336,0.703],[-2.21,-0.098]],"o":[[1.217,0.195],[0.9,0.841],[-2.398,-2.212],[-3.256,0.217],[-0.833,0.425],[-0.694,-0.42],[-0.02,-0.78],[1.193,-2.5],[3.367,0.151]],"v":[[9.195,-2.494],[10.34,-0.424],[10.451,2.799],[1.368,-0.062],[-7.911,2.839],[-10.559,3.229],[-11.439,1.075],[-11.066,-1.213],[-3.095,-2.906]],"c":true},"ix":2},"nm":"Path 1","mn":"ADBE Vector Shape - Group","hd":false},{"ty":"fl","c":{"a":0,"k":[0,0,0,1],"ix":4},"o":{"a":0,"k":100,"ix":5},"r":1,"bm":0,"nm":"Fill 1","mn":"ADBE Vector Graphic - Fill","hd":false},{"ty":"tr","p":{"a":0,"k":[72.459,61.405],"ix":2},"a":{"a":0,"k":[0,0],"ix":1},"s":{"a":0,"k":[100,100],"ix":3},"r":{"a":0,"k":0,"ix":6},"o":{"a":0,"k":100,"ix":7},"sk":{"a":0,"k":0,"ix":4},"sa":{"a":0,"k":0,"ix":5},"nm":"Transform"}],"nm":"Group 4","np":2,"cix":2,"bm":0,"ix":4,"mn":"ADBE Vector Group","hd":false},{"ty":"gr","it":[{"ind":0,"ty":"sh","ix":1,"ks":{"a":0,"k":{"i":[[6.992,-0.2],[1.27,-3.603],[-1.026,-2.303],[-1.578,-1.647],[-4.205,-1.478],[-3.415,3.244],[6.942,4.31]],"o":[[-3.01,0.086],[-0.815,2.314],[1.026,2.304],[3.49,3.645],[4.206,1.478],[4.171,-3.963],[-6.649,-4.128]],"v":[[-10.837,-13.597],[-18.613,-9.178],[-17.988,-1.635],[-13.827,4.108],[-2.302,12.454],[9.962,10.238],[12.486,-9.804]],"c":true},"ix":2},"nm":"Path 1","mn":"ADBE Vector Shape - Group","hd":false},{"ty":"fl","c":{"a":0,"k":[0,0,0,1],"ix":4},"o":{"a":0,"k":100,"ix":5},"r":1,"bm":0,"nm":"Fill 1","mn":"ADBE Vector Graphic - Fill","hd":false},{"ty":"tr","p":{"a":0,"k":[94.437,72.208],"ix":2},"a":{"a":0,"k":[0,0],"ix":1},"s":{"a":0,"k":[100,100],"ix":3},"r":{"a":0,"k":0,"ix":6},"o":{"a":0,"k":100,"ix":7},"sk":{"a":0,"k":0,"ix":4},"sa":{"a":0,"k":0,"ix":5},"nm":"Transform"}],"nm":"Group 5","np":2,"cix":2,"bm":0,"ix":5,"mn":"ADBE Vector Group","hd":false},{"ty":"gr","it":[{"ind":0,"ty":"sh","ix":1,"ks":{"a":0,"k":{"i":[[-8.503,0.125],[-1.81,-3.541],[1.074,-2.349],[1.792,-1.719],[4.996,-1.671],[4.387,3.084],[-8.106,4.629]],"o":[[3.66,-0.053],[1.162,2.274],[-1.074,2.349],[-3.966,3.803],[-4.995,1.672],[-5.359,-3.766],[7.764,-4.432]],"v":[[12.604,-14.023],[22.374,-9.967],[22.176,-2.401],[17.553,3.531],[4.182,12.404],[-10.871,10.757],[-15.43,-9.154]],"c":true},"ix":2},"nm":"Path 1","mn":"ADBE Vector Shape - Group","hd":false},{"ty":"fl","c":{"a":0,"k":[0,0,0,1],"ix":4},"o":{"a":0,"k":100,"ix":5},"r":1,"bm":0,"nm":"Fill 1","mn":"ADBE Vector Graphic - Fill","hd":false},{"ty":"tr","p":{"a":0,"k":[46.91,71.278],"ix":2},"a":{"a":0,"k":[0,0],"ix":1},"s":{"a":0,"k":[100,100],"ix":3},"r":{"a":0,"k":0,"ix":6},"o":{"a":0,"k":100,"ix":7},"sk":{"a":0,"k":0,"ix":4},"sa":{"a":0,"k":0,"ix":5},"nm":"Transform"}],"nm":"Group 6","np":2,"cix":2,"bm":0,"ix":6,"mn":"ADBE Vector Group","hd":false},{"ty":"gr","it":[{"ind":0,"ty":"sh","ix":1,"ks":{"a":0,"k":{"i":[[-1.73,-5.37],[5.379,-1.37],[0.511,2.215],[-3.072,0.475],[-1.262,9.061],[-0.299,-0.31],[-0.054,-0.749],[-0.436,-2.831]],"o":[[-5.148,2.076],[-0.511,-2.215],[3.087,0.368],[-1.381,-9.043],[0.05,-0.364],[0.501,0.521],[0.207,2.856],[0.859,5.575]],"v":[[8.675,12.083],[-7.14,17.26],[-8.675,10.614],[0.621,10.452],[0.441,-16.896],[3.551,-16.85],[3.819,-12.904],[4.785,-4.369]],"c":true},"ix":2},"nm":"Path 1","mn":"ADBE Vector Shape - Group","hd":false},{"ty":"fl","c":{"a":0,"k":[0.866666726505,0.647058823529,0.556862745098,1],"ix":4},"o":{"a":0,"k":100,"ix":5},"r":1,"bm":0,"nm":"Fill 1","mn":"ADBE Vector Graphic - Fill","hd":false},{"ty":"tr","p":{"a":0,"k":[72.05,77.134],"ix":2},"a":{"a":0,"k":[0,0],"ix":1},"s":{"a":0,"k":[100,100],"ix":3},"r":{"a":0,"k":0,"ix":6},"o":{"a":0,"k":100,"ix":7},"sk":{"a":0,"k":0,"ix":4},"sa":{"a":0,"k":0,"ix":5},"nm":"Transform"}],"nm":"Group 7","np":2,"cix":2,"bm":0,"ix":7,"mn":"ADBE Vector Group","hd":false},{"ty":"gr","it":[{"ind":0,"ty":"sh","ix":1,"ks":{"a":0,"k":{"i":[[-1.127,-2.89],[-1.189,0.805],[-7.374,2.767],[2.322,6.489],[1.148,-0.679],[1.104,-0.769],[-0.337,-0.703],[-0.341,-0.566],[-1.232,-2.476]],"o":[[0.667,-1.271],[6.521,-4.416],[-6.562,-2.107],[-0.213,-0.595],[-1.158,0.684],[-0.634,0.441],[0.285,0.595],[1.426,2.37],[1.382,2.777]],"v":[[-7.43,14.125],[-4.361,11.172],[16.579,0.348],[2.236,-13.53],[-12.363,-6.779],[-15.794,-4.633],[-16.242,-3.37],[-15.185,-1.652],[-11.197,5.62]],"c":true},"ix":2},"nm":"Path 1","mn":"ADBE Vector Shape - Group","hd":false},{"ty":"fl","c":{"a":0,"k":[0.721568627451,0.643137254902,0.552941176471,1],"ix":4},"o":{"a":0,"k":100,"ix":5},"r":1,"bm":0,"nm":"Fill 1","mn":"ADBE Vector Graphic - Fill","hd":false},{"ty":"tr","p":{"a":0,"k":[25.334,40.864],"ix":2},"a":{"a":0,"k":[0,0],"ix":1},"s":{"a":0,"k":[100,100],"ix":3},"r":{"a":0,"k":0,"ix":6},"o":{"a":0,"k":100,"ix":7},"sk":{"a":0,"k":0,"ix":4},"sa":{"a":0,"k":0,"ix":5},"nm":"Transform"}],"nm":"Group 8","np":2,"cix":2,"bm":0,"ix":8,"mn":"ADBE Vector Group","hd":false},{"ty":"gr","it":[{"ind":0,"ty":"sh","ix":1,"ks":{"a":0,"k":{"i":[[-9.63,0.961],[-7.919,-4.102],[0.604,3.68],[26.361,-13.666],[-2.721,-4.515],[0.176,-0.379],[-6.299,1.956]],"o":[[8.875,-0.885],[-0.604,-3.679],[-28.836,-7.079],[2.719,4.511],[0.239,0.397],[3.381,-5.863],[9.242,-2.869]],"v":[[17.904,-0.559],[44.077,2.695],[43.687,-9.672],[-44.291,1.984],[-36.131,15.523],[-36.013,16.752],[-10.496,5.216]],"c":true},"ix":2},"nm":"Path 1","mn":"ADBE Vector Shape - Group","hd":false},{"ty":"fl","c":{"a":0,"k":[0.807843197093,0.737254901961,0.619607843137,1],"ix":4},"o":{"a":0,"k":100,"ix":5},"r":1,"bm":0,"nm":"Fill 1","mn":"ADBE Vector Graphic - Fill","hd":false},{"ty":"tr","p":{"a":0,"k":[53.676,35.505],"ix":2},"a":{"a":0,"k":[0,0],"ix":1},"s":{"a":0,"k":[100,100],"ix":3},"r":{"a":0,"k":0,"ix":6},"o":{"a":0,"k":100,"ix":7},"sk":{"a":0,"k":0,"ix":4},"sa":{"a":0,"k":0,"ix":5},"nm":"Transform"}],"nm":"Group 9","np":2,"cix":2,"bm":0,"ix":9,"mn":"ADBE Vector Group","hd":false},{"ty":"gr","it":[{"ind":0,"ty":"sh","ix":1,"ks":{"a":0,"k":{"i":[[-4.236,-1.879],[-4.718,-0.849],[-10.827,1.559],[-1.187,1.454],[0.942,1.806],[1.556,1.315],[4.551,1.575],[2.941,0.315],[12.355,-4.956],[-0.144,-1.802],[-1.217,-0.897]],"o":[[4.382,1.944],[10.765,1.938],[1.857,-0.267],[1.288,-1.578],[-0.941,-1.806],[-3.678,-3.11],[-2.795,-0.967],[-13.235,-1.418],[-1.297,0.52],[0.13,1.632],[3.721,2.741]],"v":[[-17.974,6.973],[-4.192,10.957],[28.476,11.521],[33.539,9.388],[33.745,3.624],[29.654,-0.859],[17.634,-8.72],[8.927,-10.324],[-30.524,-8.125],[-34.683,-4.522],[-29.821,-0.202]],"c":true},"ix":2},"nm":"Path 1","mn":"ADBE Vector Shape - Group","hd":false},{"ty":"fl","c":{"a":0,"k":[0.721568627451,0.643137254902,0.552941176471,1],"ix":4},"o":{"a":0,"k":100,"ix":5},"r":1,"bm":0,"nm":"Fill 1","mn":"ADBE Vector Graphic - Fill","hd":false},{"ty":"tr","p":{"a":0,"k":[74.859,44.029],"ix":2},"a":{"a":0,"k":[0,0],"ix":1},"s":{"a":0,"k":[100,100],"ix":3},"r":{"a":0,"k":0,"ix":6},"o":{"a":0,"k":100,"ix":7},"sk":{"a":0,"k":0,"ix":4},"sa":{"a":0,"k":0,"ix":5},"nm":"Transform"}],"nm":"Group 10","np":2,"cix":2,"bm":0,"ix":10,"mn":"ADBE Vector Group","hd":false},{"ty":"gr","it":[{"ind":0,"ty":"sh","ix":1,"ks":{"a":0,"k":{"i":[[-4.077,4.256],[3.171,0.494],[19.954,-1.834],[4.78,0.454],[1.826,1.327],[0.51,1.191],[3.013,-1.78],[0.023,-1.983],[-0.774,-1.042],[-3.813,-1.737],[-4.046,0.63],[-0.063,0.032],[-13.192,1.005],[-10.338,-0.361],[-0.481,0.188]],"o":[[-2.43,-1.948],[-19.799,-3.083],[-4.782,0.439],[-2.248,-0.213],[-1.049,-0.763],[-3.049,1.524],[-1.708,1.009],[-0.015,1.299],[2.499,3.363],[3.431,1.562],[0.064,-0.033],[11.805,-5.973],[10.308,-0.786],[0.506,-0.155],[2.212,-0.862]],"v":[[52.283,-6.873],[43.297,-10.226],[-16.418,-5.63],[-30.801,-5.436],[-37.204,-7.373],[-39.573,-10.39],[-48.664,-5.45],[-52.268,-1.06],[-50.701,2.426],[-42.648,11.747],[-30.739,12.155],[-30.549,12.054],[7.672,2.346],[38.664,2.154],[40.151,1.646]],"c":true},"ix":2},"nm":"Path 1","mn":"ADBE Vector Shape - Group","hd":false},{"ty":"fl","c":{"a":0,"k":[0.721568627451,0.643137254902,0.552941176471,1],"ix":4},"o":{"a":0,"k":100,"ix":5},"r":1,"bm":0,"nm":"Fill 1","mn":"ADBE Vector Graphic - Fill","hd":false},{"ty":"tr","p":{"a":0,"k":[52.532,26.705],"ix":2},"a":{"a":0,"k":[0,0],"ix":1},"s":{"a":0,"k":[100,100],"ix":3},"r":{"a":0,"k":0,"ix":6},"o":{"a":0,"k":100,"ix":7},"sk":{"a":0,"k":0,"ix":4},"sa":{"a":0,"k":0,"ix":5},"nm":"Transform"}],"nm":"Group 11","np":2,"cix":2,"bm":0,"ix":11,"mn":"ADBE Vector Group","hd":false},{"ty":"gr","it":[{"ind":0,"ty":"sh","ix":1,"ks":{"a":0,"k":{"i":[[-1.496,7.014],[19.349,1.663],[9.126,-1.326],[18.125,-10.705],[0.023,-1.984],[-0.775,-1.041],[-3.812,-1.737],[-4.747,0.69],[-16.347,2.377],[-5.533,2.156]],"o":[[0.67,-3.144],[-9.188,-0.789],[-20.832,3.026],[-1.708,1.009],[-0.015,1.298],[2.499,3.363],[4.365,1.988],[16.347,-2.378],[5.83,-0.848],[3.309,-1.29]],"v":[[53.33,-7.275],[35.992,-18.982],[5.847,-18.758],[-51.722,0.898],[-55.326,5.289],[-53.76,8.774],[-45.706,18.096],[-30.604,18.005],[18.435,10.873],[37.093,7.995]],"c":true},"ix":2},"nm":"Path 1","mn":"ADBE Vector Shape - Group","hd":false},{"ty":"fl","c":{"a":0,"k":[0.807843197093,0.737254901961,0.619607843137,1],"ix":4},"o":{"a":0,"k":100,"ix":5},"r":1,"bm":0,"nm":"Fill 1","mn":"ADBE Vector Graphic - Fill","hd":false},{"ty":"tr","p":{"a":0,"k":[55.657,20.334],"ix":2},"a":{"a":0,"k":[0,0],"ix":1},"s":{"a":0,"k":[100,100],"ix":3},"r":{"a":0,"k":0,"ix":6},"o":{"a":0,"k":100,"ix":7},"sk":{"a":0,"k":0,"ix":4},"sa":{"a":0,"k":0,"ix":5},"nm":"Transform"}],"nm":"Group 12","np":2,"cix":2,"bm":0,"ix":12,"mn":"ADBE Vector Group","hd":false},{"ty":"gr","it":[{"ind":0,"ty":"sh","ix":1,"ks":{"a":0,"k":{"i":[[7.536,-15.278],[0.53,-8.943],[0.293,-4.941],[-11.616,-8.508],[-7.855,-1.327],[-6.326,-0.008],[-4.842,3.308],[-1.764,3.058],[-0.596,11.576],[3.015,10.968],[10.095,5.243],[4.744,0.843]],"o":[[-3.963,8.035],[-0.292,4.941],[-0.468,7.914],[6.427,4.707],[6.238,1.052],[5.865,0.007],[2.914,-1.991],[5.79,-10.041],[0.584,-11.36],[-3.015,-10.968],[-4.276,-2.22],[-15.031,-2.669]],"v":[[-35.638,-39.65],[-40.73,-13.452],[-41.607,1.371],[-27.284,45.452],[-8.872,54.839],[10.016,56.433],[26.904,52.583],[33.802,44.667],[41.313,11.058],[39.06,-22.841],[19.32,-49.489],[5.573,-53.771]],"c":true},"ix":2},"nm":"Path 1","mn":"ADBE Vector Shape - Group","hd":false},{"ty":"fl","c":{"a":0,"k":[0.949019667682,0.768627510819,0.647058823529,1],"ix":4},"o":{"a":0,"k":100,"ix":5},"r":1,"bm":0,"nm":"Fill 1","mn":"ADBE Vector Graphic - Fill","hd":false},{"ty":"tr","p":{"a":0,"k":[58.885,65.229],"ix":2},"a":{"a":0,"k":[0,0],"ix":1},"s":{"a":0,"k":[100,100],"ix":3},"r":{"a":0,"k":0,"ix":6},"o":{"a":0,"k":100,"ix":7},"sk":{"a":0,"k":0,"ix":4},"sa":{"a":0,"k":0,"ix":5},"nm":"Transform"}],"nm":"Group 13","np":2,"cix":2,"bm":0,"ix":13,"mn":"ADBE Vector Group","hd":false},{"ty":"gr","it":[{"ind":0,"ty":"sh","ix":1,"ks":{"a":0,"k":{"i":[[4.124,-1.045],[1.229,-1.135],[-1.393,-3.682],[-5.845,-4.139],[-0.436,0.487],[-0.028,0.279],[1.824,8.258]],"o":[[-1.622,0.411],[-2.892,2.671],[2.535,6.698],[0.533,0.377],[0.186,-0.209],[0.861,-8.413],[-1.116,-5.051]],"v":[[-1.913,-13.852],[-6.38,-11.681],[-7.797,-0.655],[6.393,15.043],[8.158,15.285],[8.411,14.499],[6.953,-10.722]],"c":true},"ix":2},"nm":"Path 1","mn":"ADBE Vector Shape - Group","hd":false},{"ty":"fl","c":{"a":0,"k":[0.949019667682,0.768627510819,0.647058823529,1],"ix":4},"o":{"a":0,"k":100,"ix":5},"r":1,"bm":0,"nm":"Fill 1","mn":"ADBE Vector Graphic - Fill","hd":false},{"ty":"tr","p":{"a":0,"k":[15.594,73.079],"ix":2},"a":{"a":0,"k":[0,0],"ix":1},"s":{"a":0,"k":[100,100],"ix":3},"r":{"a":0,"k":0,"ix":6},"o":{"a":0,"k":100,"ix":7},"sk":{"a":0,"k":0,"ix":4},"sa":{"a":0,"k":0,"ix":5},"nm":"Transform"}],"nm":"Group 14","np":2,"cix":2,"bm":0,"ix":14,"mn":"ADBE Vector Group","hd":false}],"ip":0,"op":150,"st":0,"ct":1,"bm":0},{"ddd":0,"ind":3,"ty":4,"nm":"rod","parent":17,"sr":1,"ks":{"o":{"a":0,"k":100,"ix":11},"r":{"a":1,"k":[{"i":{"x":[0.667],"y":[1]},"o":{"x":[0.333],"y":[0]},"t":0,"s":[0]},{"i":{"x":[0.667],"y":[1]},"o":{"x":[0.333],"y":[0]},"t":10,"s":[-11]},{"i":{"x":[0.667],"y":[1]},"o":{"x":[0.333],"y":[0]},"t":16,"s":[17]},{"i":{"x":[0.667],"y":[1]},"o":{"x":[0.333],"y":[0]},"t":23,"s":[-11]},{"i":{"x":[0.667],"y":[1]},"o":{"x":[0.333],"y":[0]},"t":31,"s":[0]},{"i":{"x":[0.667],"y":[1]},"o":{"x":[0.333],"y":[0]},"t":41,"s":[-11]},{"i":{"x":[0.667],"y":[1]},"o":{"x":[0.333],"y":[0]},"t":47,"s":[17]},{"i":{"x":[0.667],"y":[1]},"o":{"x":[0.333],"y":[0]},"t":54,"s":[-11]},{"t":62,"s":[0]}],"ix":10},"p":{"a":0,"k":[20.278,19.257,0],"ix":2,"l":2},"a":{"a":0,"k":[35.683,26.484,0],"ix":1,"l":2},"s":{"a":0,"k":[100,100,100],"ix":6,"l":2}},"ao":0,"shapes":[{"ty":"gr","it":[{"ind":0,"ty":"sh","ix":1,"ks":{"a":0,"k":{"i":[[0,0],[0.053,-0.353],[-0.284,-0.215],[-0.327,0.176],[-0.266,0.74],[-0.111,1.074],[0.072,0.105],[0.225,-0.225],[0.636,-1.135]],"o":[[-0.051,0.353],[-0.052,0.353],[0.296,0.224],[0.692,-0.372],[0.365,-1.016],[0.014,-0.127],[-0.181,-0.262],[-0.919,0.922],[0,0]],"v":[[-1.447,0.684],[-1.698,1.723],[-1.401,2.697],[-0.348,2.683],[0.986,0.804],[1.704,-2.347],[1.654,-2.718],[0.841,-2.548],[-1.506,0.557]],"c":true},"ix":2},"nm":"Path 1","mn":"ADBE Vector Shape - Group","hd":false},{"ty":"fl","c":{"a":0,"k":[1,1,1,1],"ix":4},"o":{"a":0,"k":50,"ix":5},"r":1,"bm":0,"nm":"Fill 1","mn":"ADBE Vector Graphic - Fill","hd":false},{"ty":"tr","p":{"a":0,"k":[24.143,43.58],"ix":2},"a":{"a":0,"k":[0,0],"ix":1},"s":{"a":0,"k":[100,100],"ix":3},"r":{"a":0,"k":0,"ix":6},"o":{"a":0,"k":100,"ix":7},"sk":{"a":0,"k":0,"ix":4},"sa":{"a":0,"k":0,"ix":5},"nm":"Transform"}],"nm":"Group 1","np":2,"cix":2,"bm":0,"ix":1,"mn":"ADBE Vector Group","hd":false},{"ty":"gr","it":[{"ind":0,"ty":"sh","ix":1,"ks":{"a":0,"k":{"i":[[0.076,3.729],[-0.794,1.078],[-3.838,7.53],[-1.36,2.066],[-0.445,-0.248],[-0.012,-0.334],[1.533,-2.514],[1.861,-3.049],[0.545,-3.591],[0.612,-1.41]],"o":[[-0.027,-1.339],[5.01,-6.806],[1.123,-2.203],[0.28,-0.426],[0.292,0.162],[0.103,2.943],[-1.86,3.049],[-1.891,3.101],[-0.23,1.519],[-1.123,2.582]],"v":[[-10.032,14.924],[-8.42,11.328],[4.882,-10.223],[8.439,-16.728],[9.658,-17.379],[10.029,-16.497],[7.012,-8.335],[1.431,0.813],[-2.936,10.713],[-3.761,15.23]],"c":true},"ix":2},"nm":"Path 1","mn":"ADBE Vector Shape - Group","hd":false},{"ty":"fl","c":{"a":0,"k":[1,1,1,1],"ix":4},"o":{"a":0,"k":50,"ix":5},"r":1,"bm":0,"nm":"Fill 1","mn":"ADBE Vector Graphic - Fill","hd":false},{"ty":"tr","p":{"a":0,"k":[12.016,65.42],"ix":2},"a":{"a":0,"k":[0,0],"ix":1},"s":{"a":0,"k":[100,100],"ix":3},"r":{"a":0,"k":0,"ix":6},"o":{"a":0,"k":100,"ix":7},"sk":{"a":0,"k":0,"ix":4},"sa":{"a":0,"k":0,"ix":5},"nm":"Transform"}],"nm":"Group 2","np":2,"cix":2,"bm":0,"ix":2,"mn":"ADBE Vector Group","hd":false},{"ty":"gr","it":[{"ind":0,"ty":"sh","ix":1,"ks":{"a":0,"k":{"i":[[3.566,2.874],[0.471,0.885],[-0.661,0.755],[-0.884,-0.247],[-0.706,-0.586],[-3.739,-2.238],[-1.031,-0.944],[0.216,-1.381],[1.54,1.242]],"o":[[-0.781,-0.629],[-0.472,-0.885],[0.604,-0.69],[0.884,0.247],[3.616,3],[1.2,0.717],[1.031,0.943],[-0.806,5.146],[-3.566,-2.874]],"v":[[-8.144,-5.051],[-10.197,-7.219],[-10.067,-10.042],[-7.527,-10.637],[-5.186,-9.229],[5.422,-0.243],[8.93,2.038],[10.512,5.738],[2.554,3.572]],"c":true},"ix":2},"nm":"Path 1","mn":"ADBE Vector Shape - Group","hd":false},{"ty":"fl","c":{"a":0,"k":[0.20000001496,0.20000001496,0.239215701234,1],"ix":4},"o":{"a":0,"k":100,"ix":5},"r":1,"bm":0,"nm":"Fill 1","mn":"ADBE Vector Graphic - Fill","hd":false},{"ty":"tr","p":{"a":0,"k":[23.502,24.094],"ix":2},"a":{"a":0,"k":[0,0],"ix":1},"s":{"a":0,"k":[100,100],"ix":3},"r":{"a":0,"k":0,"ix":6},"o":{"a":0,"k":100,"ix":7},"sk":{"a":0,"k":0,"ix":4},"sa":{"a":0,"k":0,"ix":5},"nm":"Transform"}],"nm":"Group 3","np":2,"cix":2,"bm":0,"ix":3,"mn":"ADBE Vector Group","hd":false},{"ty":"gr","it":[{"ind":0,"ty":"sh","ix":1,"ks":{"a":0,"k":{"i":[[2.291,-4.064],[13.74,-24.376],[-0.7,-1.802],[-2.154,1.04],[-1.238,2.047],[-9.665,16.64],[-3.291,4.708],[-0.095,2.366]],"o":[[-13.741,24.376],[-0.949,1.684],[0.866,2.23],[2.154,-1.041],[9.965,-16.463],[2.885,-4.967],[1.357,-1.941],[0.155,-3.869]],"v":[[17.715,-38.671],[-23.507,34.458],[-24.733,39.922],[-18.599,41.695],[-13.817,36.483],[13.113,-14.566],[22.382,-29.086],[25.278,-35.461]],"c":true},"ix":2},"nm":"Path 1","mn":"ADBE Vector Shape - Group","hd":false},{"ty":"fl","c":{"a":0,"k":[0.20000001496,0.20000001496,0.239215701234,1],"ix":4},"o":{"a":0,"k":100,"ix":5},"r":1,"bm":0,"nm":"Fill 1","mn":"ADBE Vector Graphic - Fill","hd":false},{"ty":"tr","p":{"a":0,"k":[25.683,42.984],"ix":2},"a":{"a":0,"k":[0,0],"ix":1},"s":{"a":0,"k":[100,100],"ix":3},"r":{"a":0,"k":0,"ix":6},"o":{"a":0,"k":100,"ix":7},"sk":{"a":0,"k":0,"ix":4},"sa":{"a":0,"k":0,"ix":5},"nm":"Transform"}],"nm":"Group 4","np":2,"cix":2,"bm":0,"ix":4,"mn":"ADBE Vector Group","hd":false}],"ip":0,"op":150,"st":0,"ct":1,"bm":0},{"ddd":0,"ind":4,"ty":4,"nm":"mike","parent":7,"sr":1,"ks":{"o":{"a":0,"k":100,"ix":11},"r":{"a":0,"k":0,"ix":10},"p":{"a":0,"k":[153.368,97.772,0],"ix":2,"l":2},"a":{"a":0,"k":[28.618,73.72,0],"ix":1,"l":2},"s":{"a":0,"k":[100,100,100],"ix":6,"l":2}},"ao":0,"shapes":[{"ty":"gr","it":[{"ind":0,"ty":"sh","ix":1,"ks":{"a":0,"k":{"i":[[0,0],[0,0]],"o":[[0,0],[0,0]],"v":[[1.426,-6.618],[-1.426,6.618]],"c":false},"ix":2},"nm":"Path 1","mn":"ADBE Vector Shape - Group","hd":false},{"ty":"st","c":{"a":0,"k":[0.164705882353,0.16862745098,0.188235309077,1],"ix":3},"o":{"a":0,"k":100,"ix":4},"w":{"a":0,"k":0.6,"ix":5},"lc":2,"lj":2,"bm":0,"nm":"Stroke 1","mn":"ADBE Vector Graphic - Stroke","hd":false},{"ty":"tr","p":{"a":0,"k":[44.579,29.35],"ix":2},"a":{"a":0,"k":[0,0],"ix":1},"s":{"a":0,"k":[100,100],"ix":3},"r":{"a":0,"k":0,"ix":6},"o":{"a":0,"k":100,"ix":7},"sk":{"a":0,"k":0,"ix":4},"sa":{"a":0,"k":0,"ix":5},"nm":"Transform"}],"nm":"Group 1","np":2,"cix":2,"bm":0,"ix":1,"mn":"ADBE Vector Group","hd":false},{"ty":"gr","it":[{"ind":0,"ty":"sh","ix":1,"ks":{"a":0,"k":{"i":[[0,0],[0,0]],"o":[[0,0],[0,0]],"v":[[1.426,-6.618],[-1.426,6.618]],"c":false},"ix":2},"nm":"Path 1","mn":"ADBE Vector Shape - Group","hd":false},{"ty":"st","c":{"a":0,"k":[0.164705882353,0.16862745098,0.188235309077,1],"ix":3},"o":{"a":0,"k":100,"ix":4},"w":{"a":0,"k":0.6,"ix":5},"lc":2,"lj":2,"bm":0,"nm":"Stroke 1","mn":"ADBE Vector Graphic - Stroke","hd":false},{"ty":"tr","p":{"a":0,"k":[42.092,28.814],"ix":2},"a":{"a":0,"k":[0,0],"ix":1},"s":{"a":0,"k":[100,100],"ix":3},"r":{"a":0,"k":0,"ix":6},"o":{"a":0,"k":100,"ix":7},"sk":{"a":0,"k":0,"ix":4},"sa":{"a":0,"k":0,"ix":5},"nm":"Transform"}],"nm":"Group 2","np":2,"cix":2,"bm":0,"ix":2,"mn":"ADBE Vector Group","hd":false},{"ty":"gr","it":[{"ind":0,"ty":"sh","ix":1,"ks":{"a":0,"k":{"i":[[0,0],[0,0]],"o":[[0,0],[0,0]],"v":[[1.426,-6.617],[-1.426,6.617]],"c":false},"ix":2},"nm":"Path 1","mn":"ADBE Vector Shape - Group","hd":false},{"ty":"st","c":{"a":0,"k":[0.164705882353,0.16862745098,0.188235309077,1],"ix":3},"o":{"a":0,"k":100,"ix":4},"w":{"a":0,"k":0.6,"ix":5},"lc":2,"lj":2,"bm":0,"nm":"Stroke 1","mn":"ADBE Vector Graphic - Stroke","hd":false},{"ty":"tr","p":{"a":0,"k":[39.605,28.278],"ix":2},"a":{"a":0,"k":[0,0],"ix":1},"s":{"a":0,"k":[100,100],"ix":3},"r":{"a":0,"k":0,"ix":6},"o":{"a":0,"k":100,"ix":7},"sk":{"a":0,"k":0,"ix":4},"sa":{"a":0,"k":0,"ix":5},"nm":"Transform"}],"nm":"Group 3","np":2,"cix":2,"bm":0,"ix":3,"mn":"ADBE Vector Group","hd":false},{"ty":"gr","it":[{"ind":0,"ty":"sh","ix":1,"ks":{"a":0,"k":{"i":[[0,0],[0,0]],"o":[[0,0],[0,0]],"v":[[1.426,-6.618],[-1.426,6.618]],"c":false},"ix":2},"nm":"Path 1","mn":"ADBE Vector Shape - Group","hd":false},{"ty":"st","c":{"a":0,"k":[0.164705882353,0.16862745098,0.188235309077,1],"ix":3},"o":{"a":0,"k":100,"ix":4},"w":{"a":0,"k":0.6,"ix":5},"lc":2,"lj":2,"bm":0,"nm":"Stroke 1","mn":"ADBE Vector Graphic - Stroke","hd":false},{"ty":"tr","p":{"a":0,"k":[37.118,27.742],"ix":2},"a":{"a":0,"k":[0,0],"ix":1},"s":{"a":0,"k":[100,100],"ix":3},"r":{"a":0,"k":0,"ix":6},"o":{"a":0,"k":100,"ix":7},"sk":{"a":0,"k":0,"ix":4},"sa":{"a":0,"k":0,"ix":5},"nm":"Transform"}],"nm":"Group 4","np":2,"cix":2,"bm":0,"ix":4,"mn":"ADBE Vector Group","hd":false},{"ty":"gr","it":[{"ind":0,"ty":"sh","ix":1,"ks":{"a":0,"k":{"i":[[0,0],[0,0]],"o":[[0,0],[0,0]],"v":[[1.426,-6.618],[-1.426,6.618]],"c":false},"ix":2},"nm":"Path 1","mn":"ADBE Vector Shape - Group","hd":false},{"ty":"st","c":{"a":0,"k":[0.164705882353,0.16862745098,0.188235309077,1],"ix":3},"o":{"a":0,"k":100,"ix":4},"w":{"a":0,"k":0.6,"ix":5},"lc":2,"lj":2,"bm":0,"nm":"Stroke 1","mn":"ADBE Vector Graphic - Stroke","hd":false},{"ty":"tr","p":{"a":0,"k":[34.631,27.207],"ix":2},"a":{"a":0,"k":[0,0],"ix":1},"s":{"a":0,"k":[100,100],"ix":3},"r":{"a":0,"k":0,"ix":6},"o":{"a":0,"k":100,"ix":7},"sk":{"a":0,"k":0,"ix":4},"sa":{"a":0,"k":0,"ix":5},"nm":"Transform"}],"nm":"Group 5","np":2,"cix":2,"bm":0,"ix":5,"mn":"ADBE Vector Group","hd":false},{"ty":"gr","it":[{"ind":0,"ty":"sh","ix":1,"ks":{"a":0,"k":{"i":[[0,0],[2.747,0.591],[0,0],[-0.481,2.231],[0,0],[-2.747,-0.592],[0,0],[0.481,-2.231]],"o":[[-0.481,2.231],[0,0],[-2.747,-0.591],[0,0],[0.48,-2.23],[0,0],[2.746,0.591],[0,0]],"v":[[9.455,15.808],[3.61,18.777],[-11.022,15.624],[-15.125,10.512],[-9.455,-15.809],[-3.61,-18.777],[11.022,-15.625],[15.125,-10.513]],"c":true},"ix":2},"nm":"Path 1","mn":"ADBE Vector Shape - Group","hd":false},{"ty":"fl","c":{"a":0,"k":[0.290196078431,0.298039215686,0.313725490196,1],"ix":4},"o":{"a":0,"k":100,"ix":5},"r":1,"bm":0,"nm":"Fill 1","mn":"ADBE Vector Graphic - Fill","hd":false},{"ty":"tr","p":{"a":0,"k":[39.758,27.566],"ix":2},"a":{"a":0,"k":[0,0],"ix":1},"s":{"a":0,"k":[100,100],"ix":3},"r":{"a":0,"k":0,"ix":6},"o":{"a":0,"k":100,"ix":7},"sk":{"a":0,"k":0,"ix":4},"sa":{"a":0,"k":0,"ix":5},"nm":"Transform"}],"nm":"Group 6","np":2,"cix":2,"bm":0,"ix":6,"mn":"ADBE Vector Group","hd":false},{"ty":"gr","it":[{"ind":0,"ty":"sh","ix":1,"ks":{"a":0,"k":{"i":[[0,0],[2.746,0.592],[0,0],[-0.593,2.748],[0,0],[-2.747,-0.591],[0,0],[0.593,-2.747]],"o":[[-0.593,2.747],[0,0],[-2.747,-0.591],[0,0],[0.592,-2.747],[0,0],[2.747,0.592],[0,0]],"v":[[8.801,18.847],[2.755,22.75],[-11.878,19.597],[-15.779,13.551],[-8.8,-18.848],[-2.755,-22.752],[11.878,-19.599],[15.779,-13.553]],"c":true},"ix":2},"nm":"Path 1","mn":"ADBE Vector Shape - Group","hd":false},{"ty":"fl","c":{"a":0,"k":[0.164705882353,0.16862745098,0.188235309077,1],"ix":4},"o":{"a":0,"k":100,"ix":5},"r":1,"bm":0,"nm":"Fill 1","mn":"ADBE Vector Graphic - Fill","hd":false},{"ty":"tr","p":{"a":0,"k":[40.614,23.593],"ix":2},"a":{"a":0,"k":[0,0],"ix":1},"s":{"a":0,"k":[100,100],"ix":3},"r":{"a":0,"k":0,"ix":6},"o":{"a":0,"k":100,"ix":7},"sk":{"a":0,"k":0,"ix":4},"sa":{"a":0,"k":0,"ix":5},"nm":"Transform"}],"nm":"Group 7","np":2,"cix":2,"bm":0,"ix":7,"mn":"ADBE Vector Group","hd":false},{"ty":"gr","it":[{"ind":0,"ty":"sh","ix":1,"ks":{"a":1,"k":[{"i":{"x":0.667,"y":1},"o":{"x":0.333,"y":0},"t":0,"s":[{"i":[[0,0],[-2.663,18.642],[5.189,31.133],[-1.696,5.089]],"o":[[22,-4],[1,-7],[-1,-6],[0,0]],"v":[[-20.094,51.678],[14.906,5.678],[14.906,-40.322],[15.964,-51.678]],"c":false}]},{"i":{"x":0.667,"y":1},"o":{"x":0.333,"y":0},"t":10,"s":[{"i":[[0,0],[-2.663,18.642],[5.189,31.133],[-1.696,5.089]],"o":[[22,-4],[1,-7],[-1,-6],[0,0]],"v":[[-20.094,51.678],[18.968,16.304],[14.906,-40.322],[15.964,-51.678]],"c":false}]},{"i":{"x":0.667,"y":1},"o":{"x":0.333,"y":0},"t":16,"s":[{"i":[[0,0],[-2.663,18.642],[5.189,31.133],[-1.696,5.089]],"o":[[22,-4],[1,-7],[-1,-6],[0,0]],"v":[[-20.094,51.678],[18.406,20.679],[14.906,-40.322],[15.964,-51.678]],"c":false}]},{"i":{"x":0.667,"y":1},"o":{"x":0.333,"y":0},"t":23,"s":[{"i":[[0,0],[-2.663,18.642],[5.189,31.133],[-1.696,5.089]],"o":[[22,-4],[1,-7],[-1,-6],[0,0]],"v":[[-20.094,51.678],[14.772,13.679],[14.906,-40.322],[15.964,-51.678]],"c":false}]},{"i":{"x":0.667,"y":1},"o":{"x":0.333,"y":0},"t":31,"s":[{"i":[[0,0],[-2.663,18.642],[5.189,31.133],[-1.696,5.089]],"o":[[22,-4],[1,-7],[-1,-6],[0,0]],"v":[[-20.094,51.678],[14.906,5.678],[14.906,-40.322],[15.964,-51.678]],"c":false}]},{"i":{"x":0.667,"y":1},"o":{"x":0.333,"y":0},"t":41,"s":[{"i":[[0,0],[-2.663,18.642],[5.189,31.133],[-1.696,5.089]],"o":[[22,-4],[1,-7],[-1,-6],[0,0]],"v":[[-20.094,51.678],[18.968,16.304],[14.906,-40.322],[15.964,-51.678]],"c":false}]},{"i":{"x":0.667,"y":1},"o":{"x":0.333,"y":0},"t":47,"s":[{"i":[[0,0],[-2.663,18.642],[5.189,31.133],[-1.696,5.089]],"o":[[22,-4],[1,-7],[-1,-6],[0,0]],"v":[[-20.094,51.678],[18.406,20.679],[14.906,-40.322],[15.964,-51.678]],"c":false}]},{"i":{"x":0.667,"y":1},"o":{"x":0.333,"y":0},"t":54,"s":[{"i":[[0,0],[-2.663,18.642],[5.189,31.133],[-1.696,5.089]],"o":[[22,-4],[1,-7],[-1,-6],[0,0]],"v":[[-20.094,51.678],[14.772,13.679],[14.906,-40.322],[15.964,-51.678]],"c":false}]},{"t":62,"s":[{"i":[[0,0],[-2.663,18.642],[5.189,31.133],[-1.696,5.089]],"o":[[22,-4],[1,-7],[-1,-6],[0,0]],"v":[[-20.094,51.678],[14.906,5.678],[14.906,-40.322],[15.964,-51.678]],"c":false}]}],"ix":2},"nm":"Path 1","mn":"ADBE Vector Shape - Group","hd":false},{"ty":"st","c":{"a":0,"k":[0.164705882353,0.16862745098,0.188235309077,1],"ix":3},"o":{"a":0,"k":100,"ix":4},"w":{"a":0,"k":1,"ix":5},"lc":2,"lj":2,"bm":0,"nm":"Stroke 1","mn":"ADBE Vector Graphic - Stroke","hd":false},{"ty":"tr","p":{"a":0,"k":[22.594,93.262],"ix":2},"a":{"a":0,"k":[0,0],"ix":1},"s":{"a":0,"k":[100,100],"ix":3},"r":{"a":0,"k":0,"ix":6},"o":{"a":0,"k":100,"ix":7},"sk":{"a":0,"k":0,"ix":4},"sa":{"a":0,"k":0,"ix":5},"nm":"Transform"}],"nm":"Group 8","np":2,"cix":2,"bm":0,"ix":8,"mn":"ADBE Vector Group","hd":false}],"ip":0,"op":150,"st":0,"ct":1,"bm":0},{"ddd":0,"ind":5,"ty":4,"nm":"collar","parent":6,"sr":1,"ks":{"o":{"a":0,"k":100,"ix":11},"r":{"a":0,"k":0,"ix":10},"p":{"a":0,"k":[21.884,36.468,0],"ix":2,"l":2},"a":{"a":0,"k":[39.415,23.505,0],"ix":1,"l":2},"s":{"a":0,"k":[100,100,100],"ix":6,"l":2}},"ao":0,"shapes":[{"ty":"gr","it":[{"ind":0,"ty":"sh","ix":1,"ks":{"a":0,"k":{"i":[[-1.848,-3.398],[-0.406,0.173],[-2.295,2.449],[-1.938,1.785],[-4.933,-0.306],[0.183,0.582],[3.11,6.772],[0.35,-0.62],[0.484,-0.485],[9.462,-0.088],[0.097,-0.383],[-1.131,-2.922]],"o":[[0.211,0.388],[2.363,-1.008],[0.143,-0.151],[2.182,-2.012],[0.608,0.038],[-2.401,-7.648],[-0.297,-0.647],[-1.27,2.25],[-1.955,1.954],[-0.395,0.004],[-0.514,2.047],[1.417,3.662]],"v":[[-5.655,15.255],[-4.556,15.612],[2.502,10.062],[-8.355,-1.089],[14.431,-0.093],[15.303,-1.232],[7.495,-15.095],[5.949,-15.165],[1.645,-9.089],[-12.681,-5.093],[-13.524,-4.444],[-14.355,6.911]],"c":true},"ix":2},"nm":"Path 1","mn":"ADBE Vector Shape - Group","hd":false},{"ty":"fl","c":{"a":0,"k":[0.721568627451,0.643137254902,0.552941176471,1],"ix":4},"o":{"a":0,"k":100,"ix":5},"r":1,"bm":0,"nm":"Fill 1","mn":"ADBE Vector Graphic - Fill","hd":false},{"ty":"tr","p":{"a":0,"k":[63.094,28.858],"ix":2},"a":{"a":0,"k":[0,0],"ix":1},"s":{"a":0,"k":[100,100],"ix":3},"r":{"a":0,"k":0,"ix":6},"o":{"a":0,"k":100,"ix":7},"sk":{"a":0,"k":0,"ix":4},"sa":{"a":0,"k":0,"ix":5},"nm":"Transform"}],"nm":"Group 1","np":2,"cix":2,"bm":0,"ix":1,"mn":"ADBE Vector Group","hd":false},{"ty":"gr","it":[{"ind":0,"ty":"sh","ix":1,"ks":{"a":0,"k":{"i":[[-3.784,0.378],[0.051,-0.298],[5.009,0.248],[10.165,5.19],[1.643,0.913],[2.893,3.264],[2.093,4.616],[-0.207,0.121],[-3.38,2.708],[-1.32,-0.175],[-0.503,-0.901],[-8.783,-2.74]],"o":[[0.3,-0.03],[-1.095,6.478],[-0.268,-0.014],[-1.678,-0.857],[-5.889,-3.274],[-3.489,-3.937],[-0.099,-0.219],[3.25,-1.917],[0.994,-0.797],[0.96,0.128],[4.919,8.802],[1.475,0.46]],"v":[[24.169,0.383],[24.665,0.899],[15.591,23.007],[9.772,8.264],[6.772,6.264],[-21.228,1.264],[-20.228,-13.736],[-19.228,-14.736],[-18.228,-19.736],[-16.891,-23.08],[-13.146,-19.538],[7.772,-3.736]],"c":true},"ix":2},"nm":"Path 1","mn":"ADBE Vector Shape - Group","hd":false},{"ty":"fl","c":{"a":0,"k":[0.721568627451,0.643137254902,0.552941176471,1],"ix":4},"o":{"a":0,"k":100,"ix":5},"r":1,"bm":0,"nm":"Fill 1","mn":"ADBE Vector Graphic - Fill","hd":false},{"ty":"tr","p":{"a":0,"k":[24.966,23.505],"ix":2},"a":{"a":0,"k":[0,0],"ix":1},"s":{"a":0,"k":[100,100],"ix":3},"r":{"a":0,"k":0,"ix":6},"o":{"a":0,"k":100,"ix":7},"sk":{"a":0,"k":0,"ix":4},"sa":{"a":0,"k":0,"ix":5},"nm":"Transform"}],"nm":"Group 2","np":2,"cix":2,"bm":0,"ix":2,"mn":"ADBE Vector Group","hd":false}],"ip":0,"op":150,"st":0,"ct":1,"bm":0},{"ddd":0,"ind":6,"ty":4,"nm":"neck","parent":7,"sr":1,"ks":{"o":{"a":0,"k":100,"ix":11},"r":{"a":0,"k":0,"ix":10},"p":{"a":0,"k":[128.916,16.58,0],"ix":2,"l":2},"a":{"a":0,"k":[26.373,19.819,0],"ix":1,"l":2},"s":{"a":0,"k":[100,100,100],"ix":6,"l":2}},"ao":0,"shapes":[{"ty":"gr","it":[{"ind":0,"ty":"sh","ix":1,"ks":{"a":0,"k":{"i":[[-0.089,-2.158],[-0.281,-0.775],[-2.365,-1.131],[-13.999,-5.072],[-1.14,6.757],[0.364,0.813],[0.644,0.503],[11.472,1.2],[4.719,-1.206],[0.035,-2.198]],"o":[[0.034,0.807],[0.803,2.216],[13.304,6.358],[1.672,-6.663],[0.143,-0.853],[-0.311,-0.695],[-8.649,-6.751],[-4.832,-0.506],[-2.443,0.625],[-0.035,2.156]],"v":[[-25.608,-6.301],[-25.258,-3.901],[-19.533,0.805],[21.464,17.968],[25.683,-2.17],[25.596,-4.733],[24.001,-6.48],[-8.144,-16.709],[-23.517,-16.762],[-25.876,-12.802]],"c":true},"ix":2},"nm":"Path 1","mn":"ADBE Vector Shape - Group","hd":false},{"ty":"fl","c":{"a":0,"k":[0.866666726505,0.647058823529,0.556862745098,1],"ix":4},"o":{"a":0,"k":100,"ix":5},"r":1,"bm":0,"nm":"Fill 1","mn":"ADBE Vector Graphic - Fill","hd":false},{"ty":"tr","p":{"a":0,"k":[26.537,18.218],"ix":2},"a":{"a":0,"k":[0,0],"ix":1},"s":{"a":0,"k":[100,100],"ix":3},"r":{"a":0,"k":0,"ix":6},"o":{"a":0,"k":100,"ix":7},"sk":{"a":0,"k":0,"ix":4},"sa":{"a":0,"k":0,"ix":5},"nm":"Transform"}],"nm":"Group 1","np":2,"cix":2,"bm":0,"ix":1,"mn":"ADBE Vector Group","hd":false},{"ty":"gr","it":[{"ind":0,"ty":"sh","ix":1,"ks":{"a":0,"k":{"i":[[0.323,-6.616],[-0.765,-1.075],[-1.92,-0.581],[-12.29,0.853],[-0.805,0.452],[-0.293,0.821],[-0.68,6.322],[0.529,1.31],[5.712,0.855],[8.313,0.333],[0.081,-5.26]],"o":[[-0.058,1.178],[0.957,1.344],[11.691,3.54],[1.036,-0.072],[0.913,-0.513],[2.168,-6.084],[0.144,-1.333],[-1.643,-4.072],[-8.221,-1.229],[-7.597,-0.304],[-0.102,6.627]],"v":[[-25.677,8.477],[-25.008,11.971],[-20.134,14.682],[16.749,16.578],[19.683,15.968],[21.242,13.762],[25.524,-4.893],[25.244,-8.906],[11.207,-15.57],[-13.641,-17.917],[-24.796,-11.383]],"c":true},"ix":2},"nm":"Path 1","mn":"ADBE Vector Shape - Group","hd":false},{"ty":"fl","c":{"a":0,"k":[0.949019667682,0.768627510819,0.647058823529,1],"ix":4},"o":{"a":0,"k":100,"ix":5},"r":1,"bm":0,"nm":"Fill 1","mn":"ADBE Vector Graphic - Fill","hd":false},{"ty":"tr","p":{"a":0,"k":[26.023,21.167],"ix":2},"a":{"a":0,"k":[0,0],"ix":1},"s":{"a":0,"k":[100,100],"ix":3},"r":{"a":0,"k":0,"ix":6},"o":{"a":0,"k":100,"ix":7},"sk":{"a":0,"k":0,"ix":4},"sa":{"a":0,"k":0,"ix":5},"nm":"Transform"}],"nm":"Group 2","np":2,"cix":2,"bm":0,"ix":2,"mn":"ADBE Vector Group","hd":false}],"ip":0,"op":150,"st":0,"ct":1,"bm":0},{"ddd":0,"ind":7,"ty":4,"nm":"body Outlines","sr":1,"ks":{"o":{"a":0,"k":100,"ix":11},"r":{"a":0,"k":0,"ix":10},"p":{"a":1,"k":[{"i":{"x":0.667,"y":1},"o":{"x":0.333,"y":0},"t":0,"s":[570,532.006,0],"to":[0,-5.667,0],"ti":[0,-0.333,0]},{"i":{"x":0.667,"y":1},"o":{"x":0.333,"y":0},"t":10,"s":[570,498.006,0],"to":[0,0.333,0],"ti":[0,0.333,0]},{"i":{"x":0.667,"y":1},"o":{"x":0.333,"y":0},"t":16,"s":[570,534.006,0],"to":[0,-0.333,0],"ti":[0,0.333,0]},{"i":{"x":0.667,"y":1},"o":{"x":0.333,"y":0},"t":23,"s":[570,496.006,0],"to":[0,-0.333,0],"ti":[0,-0.333,0]},{"i":{"x":0.667,"y":1},"o":{"x":0.333,"y":0},"t":31,"s":[570,532.006,0],"to":[0,0.333,0],"ti":[0,-0.333,0]},{"i":{"x":0.667,"y":1},"o":{"x":0.333,"y":0},"t":41,"s":[570,498.006,0],"to":[0,0.333,0],"ti":[0,0.333,0]},{"i":{"x":0.667,"y":1},"o":{"x":0.333,"y":0},"t":47,"s":[570,534.006,0],"to":[0,-0.333,0],"ti":[0,0.333,0]},{"i":{"x":0.667,"y":1},"o":{"x":0.333,"y":0},"t":54,"s":[570,496.006,0],"to":[0,-0.333,0],"ti":[0,-6,0]},{"t":62,"s":[570,532.006,0]}],"ix":2,"l":2},"a":{"a":0,"k":[113.75,92.121,0],"ix":1,"l":2},"s":{"a":0,"k":[100,100,100],"ix":6,"l":2}},"ao":0,"shapes":[{"ty":"gr","it":[{"ind":0,"ty":"sh","ix":1,"ks":{"a":0,"k":{"i":[[-0.285,1.066],[-1.066,-0.285],[0.284,-1.065],[1.066,0.284]],"o":[[0.285,-1.066],[1.065,0.284],[-0.285,1.066],[-1.065,-0.285]],"v":[[-1.929,-0.516],[0.516,-1.929],[1.93,0.515],[-0.516,1.93]],"c":true},"ix":2},"nm":"Path 1","mn":"ADBE Vector Shape - Group","hd":false},{"ty":"fl","c":{"a":0,"k":[0.737254901961,0.737254901961,0.737254901961,1],"ix":4},"o":{"a":0,"k":100,"ix":5},"r":1,"bm":0,"nm":"Fill 1","mn":"ADBE Vector Graphic - Fill","hd":false},{"ty":"tr","p":{"a":0,"k":[58.261,179.381],"ix":2},"a":{"a":0,"k":[0,0],"ix":1},"s":{"a":0,"k":[100,100],"ix":3},"r":{"a":0,"k":0,"ix":6},"o":{"a":0,"k":100,"ix":7},"sk":{"a":0,"k":0,"ix":4},"sa":{"a":0,"k":0,"ix":5},"nm":"Transform"}],"nm":"Group 9","np":2,"cix":2,"bm":0,"ix":1,"mn":"ADBE Vector Group","hd":false},{"ty":"gr","it":[{"ind":0,"ty":"sh","ix":1,"ks":{"a":0,"k":{"i":[[0,0],[1.067,0.285],[0,0],[-0.115,0.428],[0,0],[-1.067,-0.285],[0,0],[0.115,-0.428]],"o":[[-0.114,0.428],[0,0],[-1.067,-0.285],[0,0],[0.114,-0.428],[0,0],[1.067,0.285],[0,0]],"v":[[6.449,5.839],[4.309,6.098],[-6.776,3.137],[-8.501,1.846],[-6.448,-5.839],[-4.31,-6.098],[6.776,-3.136],[8.501,-1.846]],"c":true},"ix":2},"nm":"Path 1","mn":"ADBE Vector Shape - Group","hd":false},{"ty":"fl","c":{"a":0,"k":[0.290196078431,0.298039215686,0.313725490196,1],"ix":4},"o":{"a":0,"k":100,"ix":5},"r":1,"bm":0,"nm":"Fill 1","mn":"ADBE Vector Graphic - Fill","hd":false},{"ty":"tr","p":{"a":0,"k":[59.495,174.764],"ix":2},"a":{"a":0,"k":[0,0],"ix":1},"s":{"a":0,"k":[100,100],"ix":3},"r":{"a":0,"k":0,"ix":6},"o":{"a":0,"k":100,"ix":7},"sk":{"a":0,"k":0,"ix":4},"sa":{"a":0,"k":0,"ix":5},"nm":"Transform"}],"nm":"Group 10","np":2,"cix":2,"bm":0,"ix":2,"mn":"ADBE Vector Group","hd":false},{"ty":"gr","it":[{"ind":0,"ty":"sh","ix":1,"ks":{"a":0,"k":{"i":[[0,0],[1.067,0.285],[0,0],[-0.285,1.067],[0,0],[-1.067,-0.285],[0,0],[0.285,-1.067]],"o":[[-0.285,1.067],[0,0],[-1.067,-0.285],[0,0],[0.285,-1.067],[0,0],[1.067,0.285],[0,0]],"v":[[4.916,11.574],[2.468,12.99],[-8.618,10.028],[-10.034,7.58],[-4.917,-11.575],[-2.468,-12.99],[8.618,-10.029],[10.034,-7.58]],"c":true},"ix":2},"nm":"Path 1","mn":"ADBE Vector Shape - Group","hd":false},{"ty":"fl","c":{"a":0,"k":[0.164705882353,0.16862745098,0.188235309077,1],"ix":4},"o":{"a":0,"k":100,"ix":5},"r":1,"bm":0,"nm":"Fill 1","mn":"ADBE Vector Graphic - Fill","hd":false},{"ty":"tr","p":{"a":0,"k":[57.655,181.655],"ix":2},"a":{"a":0,"k":[0,0],"ix":1},"s":{"a":0,"k":[100,100],"ix":3},"r":{"a":0,"k":0,"ix":6},"o":{"a":0,"k":100,"ix":7},"sk":{"a":0,"k":0,"ix":4},"sa":{"a":0,"k":0,"ix":5},"nm":"Transform"}],"nm":"Group 11","np":2,"cix":2,"bm":0,"ix":3,"mn":"ADBE Vector Group","hd":false},{"ty":"gr","it":[{"ind":0,"ty":"sh","ix":1,"ks":{"a":0,"k":{"i":[[0,0],[7.541,3.632],[-1.955,2.513],[3.63,0],[8.939,0.558],[-1.398,8.379],[-1.956,1.676],[-2.235,0.559],[-14.247,-2.235],[-3.351,-0.838],[-1.398,-0.839],[0,-3.073],[-3.072,-8.38],[6.984,-1.396],[-2.515,-0.559]],"o":[[-6.424,-5.028],[3.071,-2.234],[3.63,-5.029],[-8.94,0],[2.235,-7.823],[0.557,-2.514],[1.674,-1.676],[14.526,-3.072],[3.351,0.559],[1.396,0.558],[2.235,1.676],[0.28,8.938],[-7.262,0.558],[-0.838,3.073],[0,0]],"v":[[6.285,31.564],[-16.898,21.789],[-8.519,13.129],[-14.664,8.381],[-42.039,8.939],[-35.613,-15.642],[-34.217,-25.978],[-23.324,-28.492],[18.856,-26.257],[29.19,-24.861],[34.22,-22.905],[36.174,-18.156],[42.039,6.704],[20.252,6.146],[30.867,16.202]],"c":true},"ix":2},"nm":"Path 1","mn":"ADBE Vector Shape - Group","hd":false},{"ty":"fl","c":{"a":0,"k":[0.721568627451,0.643137254902,0.552941176471,1],"ix":4},"o":{"a":0,"k":100,"ix":5},"r":1,"bm":0,"nm":"Fill 1","mn":"ADBE Vector Graphic - Fill","hd":false},{"ty":"tr","p":{"a":0,"k":[125.71,31.814],"ix":2},"a":{"a":0,"k":[0,0],"ix":1},"s":{"a":0,"k":[100,100],"ix":3},"r":{"a":0,"k":0,"ix":6},"o":{"a":0,"k":100,"ix":7},"sk":{"a":0,"k":0,"ix":4},"sa":{"a":0,"k":0,"ix":5},"nm":"Transform"}],"nm":"Group 1","np":2,"cix":2,"bm":0,"ix":4,"mn":"ADBE Vector Group","hd":false},{"ty":"gr","it":[{"ind":0,"ty":"sh","ix":1,"ks":{"a":0,"k":{"i":[[0.433,-1.3],[0.811,0.27],[-0.433,1.299],[-0.811,-0.271]],"o":[[-0.433,1.299],[-0.811,-0.27],[0.433,-1.3],[0.811,0.27]],"v":[[1.469,0.489],[-0.783,2.354],[-1.469,-0.489],[0.784,-2.352]],"c":true},"ix":2},"nm":"Path 1","mn":"ADBE Vector Shape - Group","hd":false},{"ty":"fl","c":{"a":0,"k":[0.627450980392,0.564705882353,0.482352971096,1],"ix":4},"o":{"a":0,"k":100,"ix":5},"r":1,"bm":0,"nm":"Fill 1","mn":"ADBE Vector Graphic - Fill","hd":false},{"ty":"tr","p":{"a":0,"k":[113.294,172.401],"ix":2},"a":{"a":0,"k":[0,0],"ix":1},"s":{"a":0,"k":[100,100],"ix":3},"r":{"a":0,"k":0,"ix":6},"o":{"a":0,"k":100,"ix":7},"sk":{"a":0,"k":0,"ix":4},"sa":{"a":0,"k":0,"ix":5},"nm":"Transform"}],"nm":"Group 2","np":2,"cix":2,"bm":0,"ix":5,"mn":"ADBE Vector Group","hd":false},{"ty":"gr","it":[{"ind":0,"ty":"sh","ix":1,"ks":{"a":0,"k":{"i":[[0.433,-1.3],[0.811,0.27],[-0.433,1.299],[-0.811,-0.271]],"o":[[-0.433,1.299],[-0.811,-0.27],[0.433,-1.3],[0.811,0.27]],"v":[[1.469,0.489],[-0.783,2.353],[-1.469,-0.488],[0.784,-2.353]],"c":true},"ix":2},"nm":"Path 1","mn":"ADBE Vector Shape - Group","hd":false},{"ty":"fl","c":{"a":0,"k":[0.627450980392,0.564705882353,0.482352971096,1],"ix":4},"o":{"a":0,"k":100,"ix":5},"r":1,"bm":0,"nm":"Fill 1","mn":"ADBE Vector Graphic - Fill","hd":false},{"ty":"tr","p":{"a":0,"k":[124.535,113.799],"ix":2},"a":{"a":0,"k":[0,0],"ix":1},"s":{"a":0,"k":[100,100],"ix":3},"r":{"a":0,"k":0,"ix":6},"o":{"a":0,"k":100,"ix":7},"sk":{"a":0,"k":0,"ix":4},"sa":{"a":0,"k":0,"ix":5},"nm":"Transform"}],"nm":"Group 3","np":2,"cix":2,"bm":0,"ix":6,"mn":"ADBE Vector Group","hd":false},{"ty":"gr","it":[{"ind":0,"ty":"sh","ix":1,"ks":{"a":0,"k":{"i":[[0.433,-1.3],[0.811,0.27],[-0.433,1.299],[-0.811,-0.271]],"o":[[-0.433,1.299],[-0.811,-0.27],[0.433,-1.3],[0.811,0.27]],"v":[[1.469,0.489],[-0.783,2.353],[-1.469,-0.488],[0.784,-2.353]],"c":true},"ix":2},"nm":"Path 1","mn":"ADBE Vector Shape - Group","hd":false},{"ty":"fl","c":{"a":0,"k":[0.627450980392,0.564705882353,0.482352971096,1],"ix":4},"o":{"a":0,"k":100,"ix":5},"r":1,"bm":0,"nm":"Fill 1","mn":"ADBE Vector Graphic - Fill","hd":false},{"ty":"tr","p":{"a":0,"k":[135.985,66.105],"ix":2},"a":{"a":0,"k":[0,0],"ix":1},"s":{"a":0,"k":[100,100],"ix":3},"r":{"a":0,"k":0,"ix":6},"o":{"a":0,"k":100,"ix":7},"sk":{"a":0,"k":0,"ix":4},"sa":{"a":0,"k":0,"ix":5},"nm":"Transform"}],"nm":"Group 4","np":2,"cix":2,"bm":0,"ix":7,"mn":"ADBE Vector Group","hd":false},{"ty":"gr","it":[{"ind":0,"ty":"sh","ix":1,"ks":{"a":0,"k":{"i":[[10.65,-11.222],[-1.806,2.051],[1.471,8.995],[-2.604,4.898],[-0.701,5.48],[-1.551,8.094],[-2.642,7.757],[-0.719,5.421],[1.755,-5.207],[1.578,-8.053],[1.298,-8.189],[2.672,-4.819],[-0.868,-5.445]],"o":[[1.686,-2.163],[6.752,-7.2],[-1.007,-5.56],[2.609,-4.79],[1.32,-8.062],[1.619,-8.102],[1.898,-5.139],[-0.505,5.462],[-2.528,7.798],[-1.5,8.114],[-0.736,5.533],[-2.58,4.799],[2.47,16.08]],"v":[[-16.402,62.04],[-10.97,55.875],[-6.516,32.958],[-3.394,16.885],[2.316,1.738],[4.463,-22.81],[12.684,-46.091],[16.402,-62.04],[13.148,-45.934],[5.312,-22.652],[3.302,1.898],[-2.583,17.293],[-5.755,32.871]],"c":true},"ix":2},"nm":"Path 1","mn":"ADBE Vector Shape - Group","hd":false},{"ty":"fl","c":{"a":0,"k":[0.627450980392,0.564705882353,0.482352971096,1],"ix":4},"o":{"a":0,"k":100,"ix":5},"r":1,"bm":0,"nm":"Fill 1","mn":"ADBE Vector Graphic - Fill","hd":false},{"ty":"tr","p":{"a":0,"k":[116.403,121.132],"ix":2},"a":{"a":0,"k":[0,0],"ix":1},"s":{"a":0,"k":[100,100],"ix":3},"r":{"a":0,"k":0,"ix":6},"o":{"a":0,"k":100,"ix":7},"sk":{"a":0,"k":0,"ix":4},"sa":{"a":0,"k":0,"ix":5},"nm":"Transform"}],"nm":"Group 5","np":2,"cix":2,"bm":0,"ix":8,"mn":"ADBE Vector Group","hd":false},{"ty":"gr","it":[{"ind":0,"ty":"sh","ix":1,"ks":{"a":0,"k":{"i":[[0,0],[0,0],[0,0],[0,0]],"o":[[0,0],[0,0],[0,0],[0,0]],"v":[[13.557,5.628],[-14.673,-0.415],[-13.557,-5.628],[14.673,0.416]],"c":true},"ix":2},"nm":"Path 1","mn":"ADBE Vector Shape - Group","hd":false},{"ty":"fl","c":{"a":0,"k":[0.337254901961,0.301960784314,0.231372563979,1],"ix":4},"o":{"a":0,"k":100,"ix":5},"r":1,"bm":0,"nm":"Fill 1","mn":"ADBE Vector Graphic - Fill","hd":false},{"ty":"tr","p":{"a":0,"k":[83.3,85.96],"ix":2},"a":{"a":0,"k":[0,0],"ix":1},"s":{"a":0,"k":[100,100],"ix":3},"r":{"a":0,"k":0,"ix":6},"o":{"a":0,"k":100,"ix":7},"sk":{"a":0,"k":0,"ix":4},"sa":{"a":0,"k":0,"ix":5},"nm":"Transform"}],"nm":"Group 6","np":2,"cix":2,"bm":0,"ix":9,"mn":"ADBE Vector Group","hd":false},{"ty":"gr","it":[{"ind":0,"ty":"sh","ix":1,"ks":{"a":0,"k":{"i":[[0,0],[5.587,1.534],[6.279,4.344],[0,0],[-2.491,2.129],[-3.132,3.275],[-0.809,-1.334],[0.654,-3.108],[1.219,-1.804],[2.154,-1.438]],"o":[[0,0],[-6.973,-1.914],[2.282,-2.403],[2.62,3.782],[2.035,3.215],[1.354,0.915],[-2.878,1.342],[-0.527,2.142],[-1.83,2.708],[-1.335,0.806]],"v":[[-0.55,11.293],[-6.622,6.267],[-8.25,-8.306],[-5.339,-11.293],[3.474,-10.137],[10.174,-8.767],[13.596,-4.877],[8.487,0.35],[7.81,7.384],[0.633,9.638]],"c":true},"ix":2},"nm":"Path 1","mn":"ADBE Vector Shape - Group","hd":false},{"ty":"fl","c":{"a":0,"k":[0.815686334348,0.913725550034,0.956862804936,1],"ix":4},"o":{"a":0,"k":100,"ix":5},"r":1,"bm":0,"nm":"Fill 1","mn":"ADBE Vector Graphic - Fill","hd":false},{"ty":"tr","p":{"a":0,"k":[155.188,97.499],"ix":2},"a":{"a":0,"k":[0,0],"ix":1},"s":{"a":0,"k":[100,100],"ix":3},"r":{"a":0,"k":0,"ix":6},"o":{"a":0,"k":100,"ix":7},"sk":{"a":0,"k":0,"ix":4},"sa":{"a":0,"k":0,"ix":5},"nm":"Transform"}],"nm":"Group 7","np":2,"cix":2,"bm":0,"ix":10,"mn":"ADBE Vector Group","hd":false},{"ty":"gr","it":[{"ind":0,"ty":"sh","ix":1,"ks":{"a":0,"k":{"i":[[0,0],[13,-9],[11.655,-10.054],[5.694,-4.262],[10.794,0],[10.826,6.89],[0,28],[-91,2]],"o":[[-3,6],[-8.94,6.19],[-5.701,4.917],[-10.356,7.753],[-13,0],[-22,-14],[0,-47.22],[136,-2.989]],"v":[[71.5,8.994],[51.5,34.994],[25.5,62.994],[7.5,76.994],[-20.5,87.994],[-56.5,76.994],[-113.5,3.994],[-22.5,-85.006]],"c":true},"ix":2},"nm":"Path 1","mn":"ADBE Vector Shape - Group","hd":false},{"ty":"fl","c":{"a":0,"k":[0.807843197093,0.737254901961,0.619607843137,1],"ix":4},"o":{"a":0,"k":100,"ix":5},"r":1,"bm":0,"nm":"Fill 1","mn":"ADBE Vector Graphic - Fill","hd":false},{"ty":"tr","p":{"a":0,"k":[113.75,95.998],"ix":2},"a":{"a":0,"k":[0,0],"ix":1},"s":{"a":0,"k":[100,100],"ix":3},"r":{"a":0,"k":0,"ix":6},"o":{"a":0,"k":100,"ix":7},"sk":{"a":0,"k":0,"ix":4},"sa":{"a":0,"k":0,"ix":5},"nm":"Transform"}],"nm":"Group 8","np":2,"cix":2,"bm":0,"ix":11,"mn":"ADBE Vector Group","hd":false}],"ip":0,"op":150,"st":0,"ct":1,"bm":0},{"ddd":0,"ind":8,"ty":4,"nm":"Layer 20 Outlines 2","parent":7,"td":1,"sr":1,"ks":{"o":{"a":0,"k":100,"ix":11},"r":{"a":0,"k":0,"ix":10},"p":{"a":0,"k":[59.25,50.993,0],"ix":2,"l":2},"a":{"a":0,"k":[258,137.5,0],"ix":1,"l":2},"s":{"a":0,"k":[100,100,100],"ix":6,"l":2}},"ao":0,"shapes":[{"ty":"gr","it":[{"ind":0,"ty":"sh","ix":1,"ks":{"a":1,"k":[{"i":{"x":0.667,"y":1},"o":{"x":0.333,"y":0},"t":0,"s":[{"i":[[0,0],[46.5,-44.5]],"o":[[0,0],[0,0]],"v":[[60.25,-24.25],[-60.25,24.25]],"c":false}]},{"i":{"x":0.667,"y":1},"o":{"x":0.333,"y":0},"t":10,"s":[{"i":[[0,0],[45,-54.377]],"o":[[0,0],[0,0]],"v":[[60.25,-24.25],[-57.25,30.25]],"c":false}]},{"i":{"x":0.667,"y":1},"o":{"x":0.333,"y":0},"t":16,"s":[{"i":[[0,0],[45,-58.377]],"o":[[0,0],[0,0]],"v":[[60.25,-24.25],[-47.25,37.25]],"c":false}]},{"i":{"x":0.667,"y":1},"o":{"x":0.333,"y":0},"t":23,"s":[{"i":[[0,0],[47.5,-57.377]],"o":[[0,0],[0,0]],"v":[[60.25,-24.25],[-62.75,38.75]],"c":false}]},{"i":{"x":0.667,"y":1},"o":{"x":0.333,"y":0},"t":31,"s":[{"i":[[0,0],[47.5,-57.377]],"o":[[0,0],[0,0]],"v":[[60.25,-24.25],[-66.75,30.75]],"c":false}]},{"i":{"x":0.667,"y":1},"o":{"x":0.333,"y":0},"t":41,"s":[{"i":[[0,0],[49,-59.377]],"o":[[0,0],[0,0]],"v":[[60.25,-24.25],[-52.25,37.75]],"c":false}]},{"i":{"x":0.667,"y":1},"o":{"x":0.333,"y":0},"t":47,"s":[{"i":[[0,0],[48.5,-64.377]],"o":[[0,0],[0,0]],"v":[[60.25,-24.25],[-48.75,38.25]],"c":false}]},{"i":{"x":0.667,"y":1},"o":{"x":0.333,"y":0},"t":54,"s":[{"i":[[0,0],[51.5,-57.877]],"o":[[0,0],[0,0]],"v":[[60.25,-24.25],[-60.75,34.25]],"c":false}]},{"t":62,"s":[{"i":[[0,0],[46.5,-44.5]],"o":[[0,0],[0,0]],"v":[[60.25,-24.25],[-60.25,24.25]],"c":false}]}],"ix":2},"nm":"Path 1","mn":"ADBE Vector Shape - Group","hd":false},{"ty":"st","c":{"a":0,"k":[0.807843197093,0.737254901961,0.619607843137,1],"ix":3},"o":{"a":0,"k":100,"ix":4},"w":{"a":0,"k":55,"ix":5},"lc":1,"lj":1,"ml":10,"bm":0,"nm":"Stroke 1","mn":"ADBE Vector Graphic - Stroke","hd":false},{"ty":"tr","p":{"a":0,"k":[197.75,161.75],"ix":2},"a":{"a":0,"k":[0,0],"ix":1},"s":{"a":0,"k":[100,100],"ix":3},"r":{"a":0,"k":0,"ix":6},"o":{"a":0,"k":100,"ix":7},"sk":{"a":0,"k":0,"ix":4},"sa":{"a":0,"k":0,"ix":5},"nm":"Transform"}],"nm":"Group 1","np":2,"cix":2,"bm":0,"ix":1,"mn":"ADBE Vector Group","hd":false}],"ip":0,"op":150,"st":0,"ct":1,"bm":0},{"ddd":0,"ind":9,"ty":4,"nm":"Layer 18 Outlines","parent":10,"tt":1,"sr":1,"ks":{"o":{"a":0,"k":100,"ix":11},"r":{"a":0,"k":0,"ix":10},"p":{"a":0,"k":[164.876,145.327,0],"ix":2,"l":2},"a":{"a":0,"k":[22.549,20.794,0],"ix":1,"l":2},"s":{"a":0,"k":[100,100,100],"ix":6,"l":2}},"ao":0,"shapes":[{"ty":"gr","it":[{"ind":0,"ty":"sh","ix":1,"ks":{"a":0,"k":{"i":[[7.747,-5.336],[4.443,6.451],[-7.745,5.335],[-4.443,-6.45]],"o":[[-7.746,5.335],[-4.443,-6.449],[7.747,-5.336],[4.443,6.45]],"v":[[8.045,11.679],[-14.025,9.66],[-8.046,-11.678],[14.025,-9.661]],"c":true},"ix":2},"nm":"Path 1","mn":"ADBE Vector Shape - Group","hd":false},{"ty":"fl","c":{"a":0,"k":[0.952941236309,0.823529471603,0.278431372549,1],"ix":4},"o":{"a":0,"k":100,"ix":5},"r":1,"bm":0,"nm":"Fill 1","mn":"ADBE Vector Graphic - Fill","hd":false},{"ty":"tr","p":{"a":0,"k":[22.55,20.794],"ix":2},"a":{"a":0,"k":[0,0],"ix":1},"s":{"a":0,"k":[100,100],"ix":3},"r":{"a":0,"k":0,"ix":6},"o":{"a":0,"k":100,"ix":7},"sk":{"a":0,"k":0,"ix":4},"sa":{"a":0,"k":0,"ix":5},"nm":"Transform"}],"nm":"Group 1","np":2,"cix":2,"bm":0,"ix":1,"mn":"ADBE Vector Group","hd":false},{"ty":"gr","it":[{"ind":0,"ty":"sh","ix":1,"ks":{"a":0,"k":{"i":[[9.353,-6.443],[5.364,7.788],[-9.352,6.442],[-5.364,-7.788]],"o":[[-9.352,6.442],[-5.365,-7.787],[9.353,-6.443],[5.365,7.788]],"v":[[9.714,14.102],[-16.935,11.664],[-9.714,-14.101],[16.934,-11.666]],"c":true},"ix":2},"nm":"Path 1","mn":"ADBE Vector Shape - Group","hd":false},{"ty":"fl","c":{"a":0,"k":[0.337254901961,0.301960784314,0.231372563979,1],"ix":4},"o":{"a":0,"k":100,"ix":5},"r":1,"bm":0,"nm":"Fill 1","mn":"ADBE Vector Graphic - Fill","hd":false},{"ty":"tr","p":{"a":0,"k":[22.549,20.794],"ix":2},"a":{"a":0,"k":[0,0],"ix":1},"s":{"a":0,"k":[100,100],"ix":3},"r":{"a":0,"k":0,"ix":6},"o":{"a":0,"k":100,"ix":7},"sk":{"a":0,"k":0,"ix":4},"sa":{"a":0,"k":0,"ix":5},"nm":"Transform"}],"nm":"Group 2","np":2,"cix":2,"bm":0,"ix":2,"mn":"ADBE Vector Group","hd":false}],"ip":0,"op":150,"st":0,"ct":1,"bm":0},{"ddd":0,"ind":10,"ty":4,"nm":"Layer 20 Outlines","parent":7,"sr":1,"ks":{"o":{"a":0,"k":100,"ix":11},"r":{"a":0,"k":0,"ix":10},"p":{"a":0,"k":[59.25,50.993,0],"ix":2,"l":2},"a":{"a":0,"k":[258,137.5,0],"ix":1,"l":2},"s":{"a":0,"k":[100,100,100],"ix":6,"l":2}},"ao":0,"shapes":[{"ty":"gr","it":[{"ind":0,"ty":"sh","ix":1,"ks":{"a":1,"k":[{"i":{"x":0.667,"y":1},"o":{"x":0.333,"y":0},"t":0,"s":[{"i":[[0,0],[46.5,-44.5]],"o":[[0,0],[0,0]],"v":[[60.25,-24.25],[-60.25,24.25]],"c":false}]},{"i":{"x":0.667,"y":1},"o":{"x":0.333,"y":0},"t":10,"s":[{"i":[[0,0],[45,-54.377]],"o":[[0,0],[0,0]],"v":[[60.25,-24.25],[-57.25,30.25]],"c":false}]},{"i":{"x":0.667,"y":1},"o":{"x":0.333,"y":0},"t":16,"s":[{"i":[[0,0],[45,-58.377]],"o":[[0,0],[0,0]],"v":[[60.25,-24.25],[-47.25,37.25]],"c":false}]},{"i":{"x":0.667,"y":1},"o":{"x":0.333,"y":0},"t":23,"s":[{"i":[[0,0],[47.5,-57.377]],"o":[[0,0],[0,0]],"v":[[60.25,-24.25],[-62.75,38.75]],"c":false}]},{"i":{"x":0.667,"y":1},"o":{"x":0.333,"y":0},"t":31,"s":[{"i":[[0,0],[47.5,-57.377]],"o":[[0,0],[0,0]],"v":[[60.25,-24.25],[-66.75,30.75]],"c":false}]},{"i":{"x":0.667,"y":1},"o":{"x":0.333,"y":0},"t":41,"s":[{"i":[[0,0],[49,-59.377]],"o":[[0,0],[0,0]],"v":[[60.25,-24.25],[-52.25,37.75]],"c":false}]},{"i":{"x":0.667,"y":1},"o":{"x":0.333,"y":0},"t":47,"s":[{"i":[[0,0],[48.5,-64.377]],"o":[[0,0],[0,0]],"v":[[60.25,-24.25],[-48.75,38.25]],"c":false}]},{"i":{"x":0.667,"y":1},"o":{"x":0.333,"y":0},"t":54,"s":[{"i":[[0,0],[51.5,-57.877]],"o":[[0,0],[0,0]],"v":[[60.25,-24.25],[-60.75,34.25]],"c":false}]},{"t":62,"s":[{"i":[[0,0],[46.5,-44.5]],"o":[[0,0],[0,0]],"v":[[60.25,-24.25],[-60.25,24.25]],"c":false}]}],"ix":2},"nm":"Path 1","mn":"ADBE Vector Shape - Group","hd":false},{"ty":"st","c":{"a":0,"k":[0.807843197093,0.737254901961,0.619607843137,1],"ix":3},"o":{"a":0,"k":100,"ix":4},"w":{"a":0,"k":55,"ix":5},"lc":1,"lj":1,"ml":10,"bm":0,"nm":"Stroke 1","mn":"ADBE Vector Graphic - Stroke","hd":false},{"ty":"tr","p":{"a":0,"k":[197.75,161.75],"ix":2},"a":{"a":0,"k":[0,0],"ix":1},"s":{"a":0,"k":[100,100],"ix":3},"r":{"a":0,"k":0,"ix":6},"o":{"a":0,"k":100,"ix":7},"sk":{"a":0,"k":0,"ix":4},"sa":{"a":0,"k":0,"ix":5},"nm":"Transform"}],"nm":"Group 1","np":2,"cix":2,"bm":0,"ix":1,"mn":"ADBE Vector Group","hd":false}],"ip":0,"op":150,"st":0,"ct":1,"bm":0},{"ddd":0,"ind":11,"ty":4,"nm":"right hand Outlines","parent":7,"sr":1,"ks":{"o":{"a":0,"k":100,"ix":11},"r":{"a":0,"k":0,"ix":10},"p":{"a":0,"k":[-32.5,136.743,0],"ix":2,"l":2},"a":{"a":0,"k":[216.75,210.75,0],"ix":1,"l":2},"s":{"a":0,"k":[100,100,100],"ix":6,"l":2}},"ao":0,"shapes":[{"ty":"gr","it":[{"ind":0,"ty":"sh","ix":1,"ks":{"a":1,"k":[{"i":{"x":0.667,"y":1},"o":{"x":0.333,"y":0},"t":0,"s":[{"i":[[0,0],[-30,-162]],"o":[[0,0],[0,0]],"v":[[93.75,-87.75],[-59.75,83.75]],"c":false}]},{"i":{"x":0.667,"y":1},"o":{"x":0.333,"y":0},"t":10,"s":[{"i":[[0,0],[-52,-167.5]],"o":[[0,0],[0,0]],"v":[[93.5,-87.375],[-37.75,92.75]],"c":false}]},{"i":{"x":0.667,"y":1},"o":{"x":0.333,"y":0},"t":16,"s":[{"i":[[0,0],[-59,-170.5]],"o":[[0,0],[0,0]],"v":[[93.5,-87.5],[-22,104.5]],"c":false}]},{"i":{"x":0.667,"y":1},"o":{"x":0.333,"y":0},"t":23,"s":[{"i":[[0,0],[-44.5,-163]],"o":[[0,0],[0,0]],"v":[[93.75,-87.625],[-44.75,91.875]],"c":false}]},{"i":{"x":0.667,"y":1},"o":{"x":0.333,"y":0},"t":31,"s":[{"i":[[0,0],[-30,-162]],"o":[[0,0],[0,0]],"v":[[93.375,-87.312],[-60.125,84.188]],"c":false}]},{"i":{"x":0.667,"y":1},"o":{"x":0.333,"y":0},"t":41,"s":[{"i":[[0,0],[-52,-167.5]],"o":[[0,0],[0,0]],"v":[[93.5,-87.25],[-31,100.25]],"c":false}]},{"i":{"x":0.667,"y":1},"o":{"x":0.333,"y":0},"t":47,"s":[{"i":[[0,0],[-59,-170.5]],"o":[[0,0],[0,0]],"v":[[93.562,-87.562],[-21.938,104.438]],"c":false}]},{"i":{"x":0.667,"y":1},"o":{"x":0.333,"y":0},"t":54,"s":[{"i":[[0,0],[-44.5,-163]],"o":[[0,0],[0,0]],"v":[[93.625,-87.25],[-44.875,92.25]],"c":false}]},{"t":62,"s":[{"i":[[0,0],[-30,-162]],"o":[[0,0],[0,0]],"v":[[93.75,-87.75],[-59.75,83.75]],"c":false}]}],"ix":2},"nm":"Path 1","mn":"ADBE Vector Shape - Group","hd":false},{"ty":"st","c":{"a":0,"k":[0.949019667682,0.768627510819,0.647058823529,1],"ix":3},"o":{"a":0,"k":100,"ix":4},"w":{"a":0,"k":50,"ix":5},"lc":2,"lj":1,"ml":10,"bm":0,"nm":"Stroke 1","mn":"ADBE Vector Graphic - Stroke","hd":false},{"ty":"tr","p":{"a":0,"k":[216.75,210.75],"ix":2},"a":{"a":0,"k":[0,0],"ix":1},"s":{"a":0,"k":[100,100],"ix":3},"r":{"a":0,"k":0,"ix":6},"o":{"a":0,"k":100,"ix":7},"sk":{"a":0,"k":0,"ix":4},"sa":{"a":0,"k":0,"ix":5},"nm":"Transform"}],"nm":"Group 1","np":2,"cix":2,"bm":0,"ix":1,"mn":"ADBE Vector Group","hd":false}],"ip":0,"op":150,"st":0,"ct":1,"bm":0},{"ddd":0,"ind":12,"ty":4,"nm":"Layer 19 Outlines 2","parent":7,"td":1,"sr":1,"ks":{"o":{"a":0,"k":100,"ix":11},"r":{"a":0,"k":0,"ix":10},"p":{"a":0,"k":[157.75,58.493,0],"ix":2,"l":2},"a":{"a":0,"k":[137.5,137.5,0],"ix":1,"l":2},"s":{"a":0,"k":[100,100,100],"ix":6,"l":2}},"ao":0,"shapes":[{"ty":"gr","it":[{"ind":0,"ty":"sh","ix":1,"ks":{"a":1,"k":[{"i":{"x":0.667,"y":1},"o":{"x":0.333,"y":0},"t":0,"s":[{"i":[[0,0],[-35,-51]],"o":[[0,0],[0,0]],"v":[[-40,-31.5],[40,31.5]],"c":false}]},{"i":{"x":0.667,"y":1},"o":{"x":0.333,"y":0},"t":10,"s":[{"i":[[0,0],[-34,-55.045]],"o":[[0,0],[0,0]],"v":[[-40,-31.5],[33,39]],"c":false}]},{"i":{"x":0.667,"y":1},"o":{"x":0.333,"y":0},"t":16,"s":[{"i":[[0,0],[-32.038,-56.377]],"o":[[0,0],[0,0]],"v":[[-40,-31.5],[32.038,39]],"c":false}]},{"i":{"x":0.667,"y":1},"o":{"x":0.333,"y":0},"t":23,"s":[{"i":[[0,0],[-37,-56.377]],"o":[[0,0],[0,0]],"v":[[-40,-31.5],[38.5,32.5]],"c":false}]},{"i":{"x":0.667,"y":1},"o":{"x":0.333,"y":0},"t":31,"s":[{"i":[[0,0],[-41,-56.377]],"o":[[0,0],[0,0]],"v":[[-40,-31.5],[41,32]],"c":false}]},{"i":{"x":0.667,"y":1},"o":{"x":0.333,"y":0},"t":41,"s":[{"i":[[0,0],[-30,-61.377]],"o":[[0,0],[0,0]],"v":[[-40,-31.5],[36,46]],"c":false}]},{"i":{"x":0.667,"y":1},"o":{"x":0.333,"y":0},"t":47,"s":[{"i":[[0,0],[-31.885,-61.954]],"o":[[0,0],[0,0]],"v":[[-40,-31.5],[34.385,43.077]],"c":false}]},{"i":{"x":0.667,"y":1},"o":{"x":0.333,"y":0},"t":54,"s":[{"i":[[0,0],[-39.5,-60.877]],"o":[[0,0],[0,0]],"v":[[-40,-31.5],[41,38]],"c":false}]},{"t":62,"s":[{"i":[[0,0],[-35,-51]],"o":[[0,0],[0,0]],"v":[[-40,-31.5],[40,31.5]],"c":false}]}],"ix":2},"nm":"Path 1","mn":"ADBE Vector Shape - Group","hd":false},{"ty":"st","c":{"a":0,"k":[0.721568627451,0.643137254902,0.552941176471,1],"ix":3},"o":{"a":0,"k":100,"ix":4},"w":{"a":0,"k":55,"ix":5},"lc":1,"lj":1,"ml":10,"bm":0,"nm":"Stroke 1","mn":"ADBE Vector Graphic - Stroke","hd":false},{"ty":"tr","p":{"a":0,"k":[177.5,169],"ix":2},"a":{"a":0,"k":[0,0],"ix":1},"s":{"a":0,"k":[100,100],"ix":3},"r":{"a":0,"k":0,"ix":6},"o":{"a":0,"k":100,"ix":7},"sk":{"a":0,"k":0,"ix":4},"sa":{"a":0,"k":0,"ix":5},"nm":"Transform"}],"nm":"Group 1","np":2,"cix":2,"bm":0,"ix":1,"mn":"ADBE Vector Group","hd":false}],"ip":0,"op":150,"st":0,"ct":1,"bm":0},{"ddd":0,"ind":13,"ty":4,"nm":"Layer 17 Outlines","parent":14,"tt":1,"sr":1,"ks":{"o":{"a":0,"k":100,"ix":11},"r":{"a":0,"k":0,"ix":10},"p":{"a":0,"k":[201.983,152.21,0],"ix":2,"l":2},"a":{"a":0,"k":[22.733,21.762,0],"ix":1,"l":2},"s":{"a":0,"k":[100,100,100],"ix":6,"l":2}},"ao":0,"shapes":[{"ty":"gr","it":[{"ind":0,"ty":"sh","ix":1,"ks":{"a":0,"k":{"i":[[-7.646,-6.93],[4.777,-5.273],[7.645,6.928],[-4.777,5.272]],"o":[[7.645,6.927],[-4.777,5.271],[-7.646,-6.928],[4.777,-5.272]],"v":[[8.651,-9.546],[13.843,12.544],[-8.65,9.547],[-13.843,-12.544]],"c":true},"ix":2},"nm":"Path 1","mn":"ADBE Vector Shape - Group","hd":false},{"ty":"fl","c":{"a":0,"k":[0.952941236309,0.823529471603,0.278431372549,1],"ix":4},"o":{"a":0,"k":100,"ix":5},"r":1,"bm":0,"nm":"Fill 1","mn":"ADBE Vector Graphic - Fill","hd":false},{"ty":"tr","p":{"a":0,"k":[22.733,21.762],"ix":2},"a":{"a":0,"k":[0,0],"ix":1},"s":{"a":0,"k":[100,100],"ix":3},"r":{"a":0,"k":0,"ix":6},"o":{"a":0,"k":100,"ix":7},"sk":{"a":0,"k":0,"ix":4},"sa":{"a":0,"k":0,"ix":5},"nm":"Transform"}],"nm":"Group 1","np":2,"cix":2,"bm":0,"ix":1,"mn":"ADBE Vector Group","hd":false},{"ty":"gr","it":[{"ind":0,"ty":"sh","ix":1,"ks":{"a":0,"k":{"i":[[-9.233,-8.365],[5.769,-6.366],[9.231,8.364],[-5.768,6.365]],"o":[[9.23,8.365],[-5.767,6.366],[-9.231,-8.366],[5.768,-6.367]],"v":[[10.447,-11.527],[16.714,15.146],[-10.445,11.528],[-16.714,-15.145]],"c":true},"ix":2},"nm":"Path 1","mn":"ADBE Vector Shape - Group","hd":false},{"ty":"fl","c":{"a":0,"k":[0.337254901961,0.301960784314,0.231372563979,1],"ix":4},"o":{"a":0,"k":100,"ix":5},"r":1,"bm":0,"nm":"Fill 1","mn":"ADBE Vector Graphic - Fill","hd":false},{"ty":"tr","p":{"a":0,"k":[22.732,21.762],"ix":2},"a":{"a":0,"k":[0,0],"ix":1},"s":{"a":0,"k":[100,100],"ix":3},"r":{"a":0,"k":0,"ix":6},"o":{"a":0,"k":100,"ix":7},"sk":{"a":0,"k":0,"ix":4},"sa":{"a":0,"k":0,"ix":5},"nm":"Transform"}],"nm":"Group 2","np":2,"cix":2,"bm":0,"ix":2,"mn":"ADBE Vector Group","hd":false}],"ip":0,"op":150,"st":0,"ct":1,"bm":0},{"ddd":0,"ind":14,"ty":4,"nm":"Layer 19 Outlines","parent":7,"sr":1,"ks":{"o":{"a":0,"k":100,"ix":11},"r":{"a":0,"k":0,"ix":10},"p":{"a":0,"k":[157.75,58.493,0],"ix":2,"l":2},"a":{"a":0,"k":[137.5,137.5,0],"ix":1,"l":2},"s":{"a":0,"k":[100,100,100],"ix":6,"l":2}},"ao":0,"shapes":[{"ty":"gr","it":[{"ind":0,"ty":"sh","ix":1,"ks":{"a":1,"k":[{"i":{"x":0.667,"y":1},"o":{"x":0.333,"y":0},"t":0,"s":[{"i":[[0,0],[-35,-51]],"o":[[0,0],[0,0]],"v":[[-40,-31.5],[40,31.5]],"c":false}]},{"i":{"x":0.667,"y":1},"o":{"x":0.333,"y":0},"t":10,"s":[{"i":[[0,0],[-34,-55.045]],"o":[[0,0],[0,0]],"v":[[-40,-31.5],[33,39]],"c":false}]},{"i":{"x":0.667,"y":1},"o":{"x":0.333,"y":0},"t":16,"s":[{"i":[[0,0],[-32.038,-56.377]],"o":[[0,0],[0,0]],"v":[[-40,-31.5],[32.038,39]],"c":false}]},{"i":{"x":0.667,"y":1},"o":{"x":0.333,"y":0},"t":23,"s":[{"i":[[0,0],[-37,-56.377]],"o":[[0,0],[0,0]],"v":[[-40,-31.5],[38.5,32.5]],"c":false}]},{"i":{"x":0.667,"y":1},"o":{"x":0.333,"y":0},"t":31,"s":[{"i":[[0,0],[-41,-56.377]],"o":[[0,0],[0,0]],"v":[[-40,-31.5],[41,32]],"c":false}]},{"i":{"x":0.667,"y":1},"o":{"x":0.333,"y":0},"t":41,"s":[{"i":[[0,0],[-30,-61.377]],"o":[[0,0],[0,0]],"v":[[-40,-31.5],[36,46]],"c":false}]},{"i":{"x":0.667,"y":1},"o":{"x":0.333,"y":0},"t":47,"s":[{"i":[[0,0],[-31.885,-61.954]],"o":[[0,0],[0,0]],"v":[[-40,-31.5],[34.385,43.077]],"c":false}]},{"i":{"x":0.667,"y":1},"o":{"x":0.333,"y":0},"t":54,"s":[{"i":[[0,0],[-39.5,-60.877]],"o":[[0,0],[0,0]],"v":[[-40,-31.5],[41,38]],"c":false}]},{"t":62,"s":[{"i":[[0,0],[-35,-51]],"o":[[0,0],[0,0]],"v":[[-40,-31.5],[40,31.5]],"c":false}]}],"ix":2},"nm":"Path 1","mn":"ADBE Vector Shape - Group","hd":false},{"ty":"st","c":{"a":0,"k":[0.721568627451,0.643137254902,0.552941176471,1],"ix":3},"o":{"a":0,"k":100,"ix":4},"w":{"a":0,"k":55,"ix":5},"lc":1,"lj":1,"ml":10,"bm":0,"nm":"Stroke 1","mn":"ADBE Vector Graphic - Stroke","hd":false},{"ty":"tr","p":{"a":0,"k":[177.5,169],"ix":2},"a":{"a":0,"k":[0,0],"ix":1},"s":{"a":0,"k":[100,100],"ix":3},"r":{"a":0,"k":0,"ix":6},"o":{"a":0,"k":100,"ix":7},"sk":{"a":0,"k":0,"ix":4},"sa":{"a":0,"k":0,"ix":5},"nm":"Transform"}],"nm":"Group 1","np":2,"cix":2,"bm":0,"ix":1,"mn":"ADBE Vector Group","hd":false}],"ip":0,"op":150,"st":0,"ct":1,"bm":0},{"ddd":0,"ind":15,"ty":4,"nm":"left hand Outlines","parent":7,"sr":1,"ks":{"o":{"a":0,"k":100,"ix":11},"r":{"a":0,"k":0,"ix":10},"p":{"a":0,"k":[157.75,58.493,0],"ix":2,"l":2},"a":{"a":0,"k":[125,125,0],"ix":1,"l":2},"s":{"a":0,"k":[100,100,100],"ix":6,"l":2}},"ao":0,"shapes":[{"ty":"gr","it":[{"ind":0,"ty":"sh","ix":1,"ks":{"a":1,"k":[{"i":{"x":0.667,"y":1},"o":{"x":0.333,"y":0},"t":0,"s":[{"i":[[0,0],[34,-130]],"o":[[0,0],[0,0]],"v":[[-62.438,-85.812],[32.562,90.188]],"c":false}]},{"i":{"x":0.667,"y":1},"o":{"x":0.333,"y":0},"t":10,"s":[{"i":[[0,0],[47.5,-132.5]],"o":[[0,0],[0,0]],"v":[[-62.5,-85.812],[9,95.688]],"c":false}]},{"i":{"x":0.667,"y":1},"o":{"x":0.333,"y":0},"t":16,"s":[{"i":[[0,0],[53,-131.5]],"o":[[0,0],[0,0]],"v":[[-62.688,-85.75],[5.812,97.75]],"c":false}]},{"i":{"x":0.667,"y":1},"o":{"x":0.333,"y":0},"t":23,"s":[{"i":[[0,0],[40,-129]],"o":[[0,0],[0,0]],"v":[[-62.5,-85.688],[25.5,91.312]],"c":false}]},{"i":{"x":0.667,"y":1},"o":{"x":0.333,"y":0},"t":31,"s":[{"i":[[0,0],[34,-130]],"o":[[0,0],[0,0]],"v":[[-62.312,-85.812],[32.688,90.188]],"c":false}]},{"i":{"x":0.667,"y":1},"o":{"x":0.333,"y":0},"t":41,"s":[{"i":[[0,0],[47.5,-132.5]],"o":[[0,0],[0,0]],"v":[[-62.25,-85.75],[9.25,95.75]],"c":false}]},{"i":{"x":0.667,"y":1},"o":{"x":0.333,"y":0},"t":47,"s":[{"i":[[0,0],[53,-131.5]],"o":[[0,0],[0,0]],"v":[[-62.25,-86],[6.25,97.5]],"c":false}]},{"i":{"x":0.667,"y":1},"o":{"x":0.333,"y":0},"t":54,"s":[{"i":[[0,0],[40,-129]],"o":[[0,0],[0,0]],"v":[[-62.312,-85.875],[25.688,91.125]],"c":false}]},{"t":62,"s":[{"i":[[0,0],[34,-130]],"o":[[0,0],[0,0]],"v":[[-62.438,-85.812],[32.562,90.188]],"c":false}]}],"ix":2},"nm":"Path 1","mn":"ADBE Vector Shape - Group","hd":false},{"ty":"st","c":{"a":0,"k":[0.949019667682,0.768627510819,0.647058823529,1],"ix":3},"o":{"a":0,"k":100,"ix":4},"w":{"a":0,"k":50,"ix":5},"lc":2,"lj":1,"ml":10,"bm":0,"nm":"Stroke 1","mn":"ADBE Vector Graphic - Stroke","hd":false},{"ty":"tr","p":{"a":0,"k":[189.5,213],"ix":2},"a":{"a":0,"k":[0,0],"ix":1},"s":{"a":0,"k":[100,100],"ix":3},"r":{"a":0,"k":0,"ix":6},"o":{"a":0,"k":100,"ix":7},"sk":{"a":0,"k":0,"ix":4},"sa":{"a":0,"k":0,"ix":5},"nm":"Transform"}],"nm":"Group 1","np":2,"cix":2,"bm":0,"ix":1,"mn":"ADBE Vector Group","hd":false}],"ip":0,"op":150,"st":0,"ct":1,"bm":0},{"ddd":0,"ind":16,"ty":4,"nm":"right leg Outlines","parent":17,"sr":1,"ks":{"o":{"a":0,"k":100,"ix":11},"r":{"a":0,"k":0,"ix":10},"p":{"a":0,"k":[33.25,63.25,0],"ix":2,"l":2},"a":{"a":0,"k":[60,60,0],"ix":1,"l":2},"s":{"a":0,"k":[100,100,100],"ix":6,"l":2}},"ao":0,"shapes":[{"ty":"gr","it":[{"ind":0,"ty":"sh","ix":1,"ks":{"a":1,"k":[{"i":{"x":0.667,"y":1},"o":{"x":0.333,"y":0},"t":0,"s":[{"i":[[0,0],[9,-108]],"o":[[0,0],[0,0]],"v":[[-31,-64],[22,64]],"c":false}]},{"i":{"x":0.667,"y":1},"o":{"x":0.333,"y":0},"t":10,"s":[{"i":[[0,0],[27,-106.5]],"o":[[0,0],[0,0]],"v":[[-43,-66],[-50,97]],"c":false}]},{"i":{"x":0.667,"y":1},"o":{"x":0.333,"y":0},"t":16,"s":[{"i":[[0,0],[109.5,-26]],"o":[[0,0],[0,0]],"v":[[-47.5,-65.5],[-115.5,60]],"c":false}]},{"i":{"x":0.667,"y":1},"o":{"x":0.333,"y":0},"t":23,"s":[{"i":[[0,0],[93.5,-11]],"o":[[0,0],[0,0]],"v":[[-35,-67],[-46,30]],"c":false}]},{"i":{"x":0.667,"y":1},"o":{"x":0.333,"y":0},"t":31,"s":[{"i":[[0,0],[9,-108]],"o":[[0,0],[0,0]],"v":[[-31,-64],[22,64]],"c":false}]},{"i":{"x":0.667,"y":1},"o":{"x":0.333,"y":0},"t":41,"s":[{"i":[[0,0],[27,-106.5]],"o":[[0,0],[0,0]],"v":[[-43,-66],[-50,97]],"c":false}]},{"i":{"x":0.667,"y":1},"o":{"x":0.333,"y":0},"t":47,"s":[{"i":[[0,0],[109.5,-26]],"o":[[0,0],[0,0]],"v":[[-47.5,-65.5],[-115.5,60]],"c":false}]},{"i":{"x":0.667,"y":1},"o":{"x":0.333,"y":0},"t":54,"s":[{"i":[[0,0],[93.5,-11]],"o":[[0,0],[0,0]],"v":[[-35,-67],[-46,30]],"c":false}]},{"t":62,"s":[{"i":[[0,0],[9,-108]],"o":[[0,0],[0,0]],"v":[[-31,-64],[22,64]],"c":false}]}],"ix":2},"nm":"Path 1","mn":"ADBE Vector Shape - Group","hd":false},{"ty":"st","c":{"a":0,"k":[0.337254901961,0.301960784314,0.231372563979,1],"ix":3},"o":{"a":0,"k":100,"ix":4},"w":{"a":0,"k":24,"ix":5},"lc":2,"lj":1,"ml":10,"bm":0,"nm":"Stroke 1","mn":"ADBE Vector Graphic - Stroke","hd":false},{"ty":"tr","p":{"a":0,"k":[91,124],"ix":2},"a":{"a":0,"k":[0,0],"ix":1},"s":{"a":0,"k":[100,100],"ix":3},"r":{"a":0,"k":0,"ix":6},"o":{"a":0,"k":100,"ix":7},"sk":{"a":0,"k":0,"ix":4},"sa":{"a":0,"k":0,"ix":5},"nm":"Transform"}],"nm":"Group 1","np":2,"cix":2,"bm":0,"ix":1,"mn":"ADBE Vector Group","hd":false}],"ip":0,"op":150,"st":0,"ct":1,"bm":0},{"ddd":0,"ind":17,"ty":4,"nm":"pant Outlines","parent":7,"sr":1,"ks":{"o":{"a":0,"k":100,"ix":11},"r":{"a":0,"k":0,"ix":10},"p":{"a":0,"k":[76.719,199.993,0],"ix":2,"l":2},"a":{"a":0,"k":[43.219,43.75,0],"ix":1,"l":2},"s":{"a":0,"k":[100,100,100],"ix":6,"l":2}},"ao":0,"shapes":[{"ty":"gr","it":[{"ind":0,"ty":"sh","ix":1,"ks":{"a":0,"k":{"i":[[0,0],[0,0],[0,-15],[0,0]],"o":[[0,0],[0,0],[0,0],[0,0]],"v":[[-3.906,-8.645],[2.906,-10],[3.906,10],[-2.094,10]],"c":true},"ix":2},"nm":"Path 1","mn":"ADBE Vector Shape - Group","hd":false},{"ty":"fl","c":{"a":0,"k":[0.337254901961,0.301960784314,0.231372563979,1],"ix":4},"o":{"a":0,"k":100,"ix":5},"r":1,"bm":0,"nm":"Fill 1","mn":"ADBE Vector Graphic - Fill","hd":false},{"ty":"tr","p":{"a":0,"k":[77.344,30.25],"ix":2},"a":{"a":0,"k":[0,0],"ix":1},"s":{"a":0,"k":[100,100],"ix":3},"r":{"a":0,"k":0,"ix":6},"o":{"a":0,"k":100,"ix":7},"sk":{"a":0,"k":0,"ix":4},"sa":{"a":0,"k":0,"ix":5},"nm":"Transform"}],"nm":"Group 4","np":2,"cix":2,"bm":0,"ix":1,"mn":"ADBE Vector Group","hd":false},{"ty":"gr","it":[{"ind":0,"ty":"sh","ix":1,"ks":{"a":0,"k":{"i":[[0,0],[0,0],[-0.33,-12.037],[0,0]],"o":[[0,0],[0,0],[0,0],[0,0]],"v":[[-2.403,-12.884],[4.597,-11.884],[2.801,12.884],[-4.597,9.681]],"c":true},"ix":2},"nm":"Path 1","mn":"ADBE Vector Shape - Group","hd":false},{"ty":"fl","c":{"a":0,"k":[0.337254901961,0.301960784314,0.231372563979,1],"ix":4},"o":{"a":0,"k":100,"ix":5},"r":1,"bm":0,"nm":"Fill 1","mn":"ADBE Vector Graphic - Fill","hd":false},{"ty":"tr","p":{"a":0,"k":[41.653,32.134],"ix":2},"a":{"a":0,"k":[0,0],"ix":1},"s":{"a":0,"k":[100,100],"ix":3},"r":{"a":0,"k":0,"ix":6},"o":{"a":0,"k":100,"ix":7},"sk":{"a":0,"k":0,"ix":4},"sa":{"a":0,"k":0,"ix":5},"nm":"Transform"}],"nm":"Group 5","np":2,"cix":2,"bm":0,"ix":2,"mn":"ADBE Vector Group","hd":false},{"ty":"gr","it":[{"ind":0,"ty":"sh","ix":1,"ks":{"a":0,"k":{"i":[[0,0],[0,0],[1,-12],[0,0]],"o":[[0,0],[0,0],[0,0],[0,0]],"v":[[-1,-12],[6,-8],[1,12],[-6,8]],"c":true},"ix":2},"nm":"Path 1","mn":"ADBE Vector Shape - Group","hd":false},{"ty":"fl","c":{"a":0,"k":[0.337254901961,0.301960784314,0.231372563979,1],"ix":4},"o":{"a":0,"k":100,"ix":5},"r":1,"bm":0,"nm":"Fill 1","mn":"ADBE Vector Graphic - Fill","hd":false},{"ty":"tr","p":{"a":0,"k":[10.25,17.25],"ix":2},"a":{"a":0,"k":[0,0],"ix":1},"s":{"a":0,"k":[100,100],"ix":3},"r":{"a":0,"k":0,"ix":6},"o":{"a":0,"k":100,"ix":7},"sk":{"a":0,"k":0,"ix":4},"sa":{"a":0,"k":0,"ix":5},"nm":"Transform"}],"nm":"Group 6","np":2,"cix":2,"bm":0,"ix":3,"mn":"ADBE Vector Group","hd":false},{"ty":"gr","it":[{"ind":0,"ty":"sh","ix":1,"ks":{"a":0,"k":{"i":[[16.345,4.115],[0,0],[-8.419,5.365],[0,0]],"o":[[0,0],[0,0],[0,0],[0,0]],"v":[[-13.809,-8.083],[-14.177,9.226],[14.177,5.325],[13.368,-10.689]],"c":true},"ix":2},"nm":"Path 1","mn":"ADBE Vector Shape - Group","hd":false},{"ty":"fl","c":{"a":0,"k":[0.737254901961,0.737254901961,0.737254901961,1],"ix":4},"o":{"a":0,"k":100,"ix":5},"r":1,"bm":0,"nm":"Fill 1","mn":"ADBE Vector Graphic - Fill","hd":false},{"ty":"tr","p":{"a":0,"k":[59.918,32.846],"ix":2},"a":{"a":0,"k":[0,0],"ix":1},"s":{"a":0,"k":[100,100],"ix":3},"r":{"a":0,"k":0,"ix":6},"o":{"a":0,"k":100,"ix":7},"sk":{"a":0,"k":0,"ix":4},"sa":{"a":0,"k":0,"ix":5},"nm":"Transform"}],"nm":"Group 7","np":2,"cix":2,"bm":0,"ix":4,"mn":"ADBE Vector Group","hd":false},{"ty":"gr","it":[{"ind":0,"ty":"sh","ix":1,"ks":{"a":0,"k":{"i":[[49,42],[-1,-11],[-42,23],[0,0]],"o":[[0,0],[0,0],[0,0],[0,0]],"v":[[-38,-28],[-40,-8],[41,5],[41,-9]],"c":true},"ix":2},"nm":"Path 1","mn":"ADBE Vector Shape - Group","hd":false},{"ty":"fl","c":{"a":0,"k":[0.164705882353,0.16862745098,0.188235309077,1],"ix":4},"o":{"a":0,"k":100,"ix":5},"r":1,"bm":0,"nm":"Fill 1","mn":"ADBE Vector Graphic - Fill","hd":false},{"ty":"tr","p":{"a":0,"k":[41.25,29.25],"ix":2},"a":{"a":0,"k":[0,0],"ix":1},"s":{"a":0,"k":[100,100],"ix":3},"r":{"a":0,"k":0,"ix":6},"o":{"a":0,"k":100,"ix":7},"sk":{"a":0,"k":0,"ix":4},"sa":{"a":0,"k":0,"ix":5},"nm":"Transform"}],"nm":"Group 8","np":2,"cix":2,"bm":0,"ix":5,"mn":"ADBE Vector Group","hd":false},{"ty":"gr","it":[{"ind":0,"ty":"sh","ix":1,"ks":{"a":0,"k":{"i":[[22.683,0],[0,0],[0,22.051],[0,0],[0,0],[0,0],[0,0]],"o":[[0,0],[-22.052,0],[0,0],[0,0],[0,0],[0,0],[0,22.683]],"v":[[-0.571,43.5],[-0.571,43.5],[-40.5,3.572],[-40.5,-24.5],[-38.5,-43.5],[40.5,-24.5],[40.5,2.429]],"c":true},"ix":2},"nm":"Path 1","mn":"ADBE Vector Shape - Group","hd":false},{"ty":"fl","c":{"a":0,"k":[0.337254901961,0.301960784314,0.231372563979,1],"ix":4},"o":{"a":0,"k":100,"ix":5},"r":1,"bm":0,"nm":"Fill 1","mn":"ADBE Vector Graphic - Fill","hd":false},{"ty":"tr","p":{"a":0,"k":[41.75,43.75],"ix":2},"a":{"a":0,"k":[0,0],"ix":1},"s":{"a":0,"k":[100,100],"ix":3},"r":{"a":0,"k":0,"ix":6},"o":{"a":0,"k":100,"ix":7},"sk":{"a":0,"k":0,"ix":4},"sa":{"a":0,"k":0,"ix":5},"nm":"Transform"}],"nm":"Group 9","np":2,"cix":2,"bm":0,"ix":6,"mn":"ADBE Vector Group","hd":false},{"ty":"gr","it":[{"ind":0,"ty":"sh","ix":1,"ks":{"a":0,"k":{"i":[[0,0],[1.104,0],[0,0],[0,1.105],[0,0],[-1.104,0],[0,0],[0,-1.104]],"o":[[0,1.105],[0,0],[-1.104,0],[0,0],[0,-1.104],[0,0],[1.104,0],[0,0]],"v":[[3.457,8.598],[1.457,10.598],[-1.457,10.598],[-3.457,8.598],[-3.457,-8.598],[-1.457,-10.598],[1.457,-10.598],[3.457,-8.598]],"c":true},"ix":2},"nm":"Path 1","mn":"ADBE Vector Shape - Group","hd":false},{"ty":"fl","c":{"a":0,"k":[0.482352971096,0.482352971096,0.482352971096,1],"ix":4},"o":{"a":0,"k":100,"ix":5},"r":1,"bm":0,"nm":"Fill 1","mn":"ADBE Vector Graphic - Fill","hd":false},{"ty":"tr","p":{"a":0,"k":[79.853,29.675],"ix":2},"a":{"a":0,"k":[0,0],"ix":1},"s":{"a":0,"k":[100,100],"ix":3},"r":{"a":0,"k":0,"ix":6},"o":{"a":0,"k":100,"ix":7},"sk":{"a":0,"k":0,"ix":4},"sa":{"a":0,"k":0,"ix":5},"nm":"Transform"}],"nm":"Group 10","np":2,"cix":2,"bm":0,"ix":7,"mn":"ADBE Vector Group","hd":false},{"ty":"gr","it":[{"ind":0,"ty":"sh","ix":1,"ks":{"a":0,"k":{"i":[[0,0],[1.104,0],[0,0],[0,1.104],[0,0],[-1.105,0],[0,0],[0,-1.105]],"o":[[0,1.104],[0,0],[-1.105,0],[0,0],[0,-1.105],[0,0],[1.104,0],[0,0]],"v":[[6.432,16.8],[4.432,18.8],[-4.432,18.8],[-6.432,16.8],[-6.432,-16.8],[-4.432,-18.8],[4.432,-18.8],[6.432,-16.8]],"c":true},"ix":2},"nm":"Path 1","mn":"ADBE Vector Shape - Group","hd":false},{"ty":"fl","c":{"a":0,"k":[0.164705882353,0.16862745098,0.188235309077,1],"ix":4},"o":{"a":0,"k":100,"ix":5},"r":1,"bm":0,"nm":"Fill 1","mn":"ADBE Vector Graphic - Fill","hd":false},{"ty":"tr","p":{"a":0,"k":[79.757,36.496],"ix":2},"a":{"a":0,"k":[0,0],"ix":1},"s":{"a":0,"k":[100,100],"ix":3},"r":{"a":0,"k":0,"ix":6},"o":{"a":0,"k":100,"ix":7},"sk":{"a":0,"k":0,"ix":4},"sa":{"a":0,"k":0,"ix":5},"nm":"Transform"}],"nm":"Group 11","np":2,"cix":2,"bm":0,"ix":8,"mn":"ADBE Vector Group","hd":false}],"ip":0,"op":150,"st":0,"ct":1,"bm":0},{"ddd":0,"ind":18,"ty":4,"nm":"left leg Outlines","parent":17,"sr":1,"ks":{"o":{"a":0,"k":100,"ix":11},"r":{"a":0,"k":0,"ix":10},"p":{"a":0,"k":[54.25,61.5,0],"ix":2,"l":2},"a":{"a":0,"k":[137,60.25,0],"ix":1,"l":2},"s":{"a":0,"k":[100,100,100],"ix":6,"l":2}},"ao":0,"shapes":[{"ty":"gr","it":[{"ind":0,"ty":"sh","ix":1,"ks":{"a":1,"k":[{"i":{"x":0.667,"y":1},"o":{"x":0.333,"y":0},"t":0,"s":[{"i":[[0,0],[121,-38]],"o":[[0,0],[0,0]],"v":[[16.5,-64],[-60.5,64]],"c":false}]},{"i":{"x":0.667,"y":1},"o":{"x":0.333,"y":0},"t":10,"s":[{"i":[[0,0],[85.5,-35]],"o":[[0,0],[0,0]],"v":[[16.5,-64],[16.5,32]],"c":false}]},{"i":{"x":0.667,"y":1},"o":{"x":0.333,"y":0},"t":16,"s":[{"i":[[0,0],[38,-104.5]],"o":[[0,0],[0,0]],"v":[[16.5,-64],[81,62]],"c":false}]},{"i":{"x":0.667,"y":1},"o":{"x":0.333,"y":0},"t":23,"s":[{"i":[[0,0],[36,-112]],"o":[[0,0],[0,0]],"v":[[16.5,-64],[13,99]],"c":false}]},{"i":{"x":0.667,"y":1},"o":{"x":0.333,"y":0},"t":31,"s":[{"i":[[0,0],[121,-38]],"o":[[0,0],[0,0]],"v":[[16.5,-64],[-60.5,64]],"c":false}]},{"i":{"x":0.667,"y":1},"o":{"x":0.333,"y":0},"t":41,"s":[{"i":[[0,0],[85.5,-35]],"o":[[0,0],[0,0]],"v":[[16.5,-64],[16.5,32]],"c":false}]},{"i":{"x":0.667,"y":1},"o":{"x":0.333,"y":0},"t":47,"s":[{"i":[[0,0],[38,-104.5]],"o":[[0,0],[0,0]],"v":[[16.5,-64],[81,62]],"c":false}]},{"i":{"x":0.667,"y":1},"o":{"x":0.333,"y":0},"t":54,"s":[{"i":[[0,0],[36,-112]],"o":[[0,0],[0,0]],"v":[[16.5,-64],[13,99]],"c":false}]},{"t":62,"s":[{"i":[[0,0],[121,-38]],"o":[[0,0],[0,0]],"v":[[16.5,-64],[-60.5,64]],"c":false}]}],"ix":2},"nm":"Path 1","mn":"ADBE Vector Shape - Group","hd":false},{"ty":"st","c":{"a":0,"k":[0.337254901961,0.301960784314,0.231372563979,1],"ix":3},"o":{"a":0,"k":100,"ix":4},"w":{"a":0,"k":24,"ix":5},"lc":2,"lj":1,"ml":10,"bm":0,"nm":"Stroke 1","mn":"ADBE Vector Graphic - Stroke","hd":false},{"ty":"tr","p":{"a":0,"k":[120.5,124],"ix":2},"a":{"a":0,"k":[0,0],"ix":1},"s":{"a":0,"k":[100,100],"ix":3},"r":{"a":0,"k":0,"ix":6},"o":{"a":0,"k":100,"ix":7},"sk":{"a":0,"k":0,"ix":4},"sa":{"a":0,"k":0,"ix":5},"nm":"Transform"}],"nm":"Group 1","np":2,"cix":2,"bm":0,"ix":1,"mn":"ADBE Vector Group","hd":false}],"ip":0,"op":150,"st":0,"ct":1,"bm":0},{"ddd":0,"ind":19,"ty":4,"nm":"shadow Outlines","sr":1,"ks":{"o":{"a":0,"k":100,"ix":11},"r":{"a":0,"k":0,"ix":10},"p":{"a":0,"k":[544.5,798,0],"ix":2,"l":2},"a":{"a":0,"k":[202.5,8,0],"ix":1,"l":2},"s":{"a":1,"k":[{"i":{"x":[0.667,0.667,0.667],"y":[1,1,1]},"o":{"x":[0.333,0.333,0.333],"y":[0,0,0]},"t":0,"s":[100,100,100]},{"i":{"x":[0.667,0.667,0.667],"y":[1,1,1]},"o":{"x":[0.333,0.333,0.333],"y":[0,0,0]},"t":10,"s":[88,100,100]},{"i":{"x":[0.667,0.667,0.667],"y":[1,1,1]},"o":{"x":[0.333,0.333,0.333],"y":[0,0,0]},"t":16,"s":[112,100,100]},{"i":{"x":[0.667,0.667,0.667],"y":[1,1,1]},"o":{"x":[0.333,0.333,0.333],"y":[0,0,0]},"t":23,"s":[88,100,100]},{"i":{"x":[0.667,0.667,0.667],"y":[1,1,1]},"o":{"x":[0.333,0.333,0.333],"y":[0,0,0]},"t":31,"s":[100,100,100]},{"i":{"x":[0.667,0.667,0.667],"y":[1,1,1]},"o":{"x":[0.333,0.333,0.333],"y":[0,0,0]},"t":41,"s":[88,100,100]},{"i":{"x":[0.667,0.667,0.667],"y":[1,1,1]},"o":{"x":[0.333,0.333,0.333],"y":[0,0,0]},"t":47,"s":[112,100,100]},{"i":{"x":[0.667,0.667,0.667],"y":[1,1,1]},"o":{"x":[0.333,0.333,0.333],"y":[0,0,0]},"t":54,"s":[88,100,100]},{"t":62,"s":[100,100,100]}],"ix":6,"l":2}},"ao":0,"shapes":[{"ty":"gr","it":[{"ind":0,"ty":"sh","ix":1,"ks":{"a":0,"k":{"i":[[0,0],[0,0]],"o":[[0,0],[0,0]],"v":[[8,8],[397,8]],"c":false},"ix":2},"nm":"Path 1","mn":"ADBE Vector Shape - Group","hd":false},{"ty":"st","c":{"a":0,"k":[0.729411764706,0.729411764706,0.729411764706,1],"ix":3},"o":{"a":0,"k":100,"ix":4},"w":{"a":0,"k":16,"ix":5},"lc":2,"lj":1,"ml":10,"bm":0,"nm":"Stroke 1","mn":"ADBE Vector Graphic - Stroke","hd":false},{"ty":"tr","p":{"a":0,"k":[0,0],"ix":2},"a":{"a":0,"k":[0,0],"ix":1},"s":{"a":0,"k":[100,100],"ix":3},"r":{"a":0,"k":0,"ix":6},"o":{"a":0,"k":100,"ix":7},"sk":{"a":0,"k":0,"ix":4},"sa":{"a":0,"k":0,"ix":5},"nm":"Transform"}],"nm":"Group 1","np":2,"cix":2,"bm":0,"ix":1,"mn":"ADBE Vector Group","hd":false}],"ip":0,"op":150,"st":0,"ct":1,"bm":0}]}],"layers":[{"ddd":0,"ind":1,"ty":0,"nm":"sheriff","refId":"comp_0","sr":1,"ks":{"o":{"a":0,"k":100,"ix":11},"r":{"a":0,"k":0,"ix":10},"p":{"a":0,"k":[540,506,0],"ix":2,"l":2},"a":{"a":0,"k":[540,540,0],"ix":1,"l":2},"s":{"a":0,"k":[180,180,100],"ix":6,"l":2}},"ao":0,"w":1080,"h":1080,"ip":0,"op":150,"st":0,"bm":0}],"markers":[]}